YEAR,BY YEAR NO,BY ROUND NO,Team1_NO,Team1,Seed1,ROUND,CURRENT ROUND,Score1,Team2_NO,Team2,Seed2,ROUND.1,CURRENT ROUND.1,Score2,Team1_Win
2025,2036,0,0,Duke,1,64,64,93.0,0,Mount St. Mary's,16,64,64,49.0,1
2025,2036,1,0,Mississippi St.,8,64,64,72.0,0,Baylor,9,64,64,75.0,0
2025,2036,2,0,Oregon,5,64,64,81.0,0,Liberty,12,64,64,52.0,1
2025,2036,3,0,Arizona,4,64,64,93.0,0,Akron,13,64,64,65.0,1
2025,2036,4,0,BYU,6,64,64,80.0,0,VCU,11,64,64,71.0,1
2025,2036,5,0,Wisconsin,3,64,64,85.0,0,Montana,14,64,64,66.0,1
2025,2036,6,0,Saint Mary's,7,64,64,59.0,0,Vanderbilt,10,64,64,56.0,1
2025,2036,7,0,Alabama,2,64,64,90.0,0,Robert Morris,15,64,64,81.0,1
2025,2036,8,0,Houston,1,64,64,78.0,0,SIUE,16,64,64,40.0,1
2025,2036,9,0,Gonzaga,8,64,64,89.0,0,Georgia,9,64,64,68.0,1
2025,2036,10,0,Clemson,5,64,64,67.0,0,McNeese,12,64,64,69.0,0
2025,2036,11,0,Purdue,4,64,64,75.0,0,High Point,13,64,64,63.0,1
2025,2036,12,0,Illinois,6,64,64,86.0,0,Xavier,11,64,64,73.0,1
2025,2036,13,0,Kentucky,3,64,64,76.0,0,Troy,14,64,64,57.0,1
2025,2036,14,0,UCLA,7,64,64,72.0,0,Utah St.,10,64,64,47.0,1
2025,2036,15,0,Tennessee,2,64,64,77.0,0,Wofford,15,64,64,62.0,1
2025,2036,16,0,Auburn,1,64,64,83.0,0,Alabama St.,16,64,64,63.0,1
2025,2036,17,0,Louisville,8,64,64,75.0,0,Creighton,9,64,64,89.0,0
2025,2036,18,0,Michigan,5,64,64,68.0,0,UC San Diego,12,64,64,65.0,1
2025,2036,19,0,Texas A&M,4,64,64,80.0,0,Yale,13,64,64,71.0,1
2025,2036,20,0,Mississippi,6,64,64,71.0,0,North Carolina,11,64,64,64.0,1
2025,2036,21,0,Iowa St.,3,64,64,82.0,0,Lipscomb,14,64,64,55.0,1
2025,2036,22,0,Marquette,7,64,64,66.0,0,New Mexico,10,64,64,75.0,0
2025,2036,23,0,Michigan St.,2,64,64,87.0,0,Bryant,15,64,64,62.0,1
2025,2036,24,0,Florida,1,64,64,95.0,0,Norfolk St.,16,64,64,69.0,1
2025,2036,25,0,Connecticut,8,64,64,67.0,0,Oklahoma,9,64,64,59.0,1
2025,2036,26,0,Memphis,5,64,64,70.0,0,Colorado St.,12,64,64,78.0,0
2025,2036,27,0,Maryland,4,64,64,81.0,0,Grand Canyon,13,64,64,49.0,1
2025,2036,28,0,Missouri,6,64,64,57.0,0,Drake,11,64,64,67.0,0
2025,2036,29,0,Texas Tech,3,64,64,82.0,0,UNC Wilmington,14,64,64,72.0,1
2025,2036,30,0,Kansas,7,64,64,72.0,0,Arkansas,10,64,64,79.0,0
2025,2036,31,0,St. John's,2,64,64,83.0,0,Nebraska Omaha,15,64,64,53.0,1
2025,2036,32,0,Duke,1,32,32,89.0,0,Baylor,9,32,32,66.0,1
2025,2036,33,0,Arizona,4,32,32,87.0,0,Oregon,5,32,32,83.0,1
2025,2036,34,0,BYU,6,32,32,91.0,0,Wisconsin,3,32,32,89.0,1
2025,2036,35,0,Alabama,2,32,32,80.0,0,Saint Mary's,7,32,32,66.0,1
2025,2036,36,0,Houston,1,32,32,81.0,0,Gonzaga,8,32,32,76.0,1
2025,2036,37,0,McNeese,12,32,32,62.0,0,Purdue,4,32,32,76.0,0
2025,2036,38,0,Kentucky,3,32,32,84.0,0,Illinois,6,32,32,75.0,1
2025,2036,39,0,Tennessee,2,32,32,67.0,0,UCLA,7,32,32,58.0,1
2025,2036,40,0,Auburn,1,32,32,82.0,0,Creighton,9,32,32,70.0,1
2025,2036,41,0,Michigan,5,32,32,91.0,0,Texas A&M,4,32,32,79.0,1
2025,2036,42,0,Mississippi,6,32,32,91.0,0,Iowa St.,3,32,32,78.0,1
2025,2036,43,0,New Mexico,10,32,32,63.0,0,Michigan St.,2,32,32,71.0,0
2025,2036,44,0,Florida,1,32,32,77.0,0,Connecticut,8,32,32,75.0,1
2025,2036,45,0,Colorado St.,12,32,32,71.0,0,Maryland,4,32,32,72.0,0
2025,2036,46,0,Drake,11,32,32,64.0,0,Texas Tech,3,32,32,77.0,0
2025,2036,47,0,Arkansas,10,32,32,75.0,0,St. John's,2,32,32,66.0,1
2025,2036,48,0,Duke,1,16,16,100.0,0,Arizona,4,16,16,93.0,1
2025,2036,49,0,Alabama,2,16,16,113.0,0,BYU,6,16,16,88.0,1
2025,2036,50,0,Houston,1,16,16,62.0,0,Purdue,4,16,16,60.0,1
2025,2036,51,0,Kentucky,3,16,16,65.0,0,Tennessee,2,16,16,78.0,0
2025,2036,52,0,Auburn,1,16,16,78.0,0,Michigan,5,16,16,65.0,1
2025,2036,53,0,Mississippi,6,16,16,70.0,0,Michigan St.,2,16,16,73.0,0
2025,2036,54,0,Florida,1,16,16,87.0,0,Maryland,4,16,16,71.0,1
2025,2036,55,0,Texas Tech,3,16,16,85.0,0,Arkansas,10,16,16,80.0,1
2025,2036,56,0,Duke,1,8,8,85.0,0,Alabama,2,8,8,65.0,1
2025,2036,57,0,Houston,1,8,8,69.0,0,Tennessee,2,8,8,50.0,1
2025,2036,58,0,Auburn,1,8,8,70.0,0,Michigan St.,2,8,8,64.0,1
2025,2036,59,0,Florida,1,8,8,84.0,0,Texas Tech,3,8,8,79.0,1
2025,2036,60,0,Florida,1,4,4,79.0,0,Auburn,1,4,4,73.0,1
2025,2036,61,0,Houston,1,4,4,70.0,0,Duke,1,4,4,67.0,1
2025,2036,62,0,Florida,1,2,2,65.0,0,Houston,1,2,2,63.0,1
2024,2036,0,1067,Connecticut,1,1,64,91.0,1026,Stetson,16,64,64,52.0,1
2024,2034,0,1038,North Carolina,1,1,64,90.0,1016,Wagner,16,64,64,62.0,1
2024,2030,0,1056,Houston,1,1,64,86.0,1048,Longwood,16,64,64,46.0,1
2024,2028,0,1033,Purdue,1,1,64,78.0,1058,Grambling St.,16,64,64,50.0,1
2024,2024,0,1053,Iowa St.,2,1,64,82.0,1027,South Dakota St.,15,64,64,65.0,1
2024,2022,0,1077,Arizona,2,1,64,85.0,1049,Long Beach St.,15,64,64,65.0,1
2024,2020,0,1047,Marquette,2,1,64,87.0,1014,Western Kentucky,15,64,64,69.0,1
2024,2018,0,1024,Tennessee,2,1,64,83.0,1031,Saint Peter's,15,64,64,49.0,1
2024,2016,0,1054,Illinois,3,1,64,85.0,1042,Morehead St.,14,64,64,69.0,1
2024,2014,0,1075,Baylor,3,1,64,92.0,1071,Colgate,14,64,64,67.0,1
2024,2012,0,1050,Kentucky,3,1,64,76.0,1035,Oakland,14,64,64,80.0,0
2024,2010,0,1066,Creighton,3,1,64,77.0,1079,Akron,14,64,64,60.0,1
2024,2008,0,1076,Auburn,4,1,64,76.0,1012,Yale,13,64,64,78.0,0
2024,2006,0,1078,Alabama,4,1,64,109.0,1070,College of Charleston,13,64,64,96.0,1
2024,2004,0,1063,Duke,4,1,64,64.0,1018,Vermont,13,64,64,47.0,1
2024,2002,0,1051,Kansas,4,1,64,93.0,1030,Samford,13,64,64,89.0,1
2024,2000,0,1029,San Diego St.,5,1,64,69.0,1020,UAB,12,64,64,65.0,1
2024,1998,0,1032,Saint Mary's,5,1,64,66.0,1057,Grand Canyon,12,64,64,75.0,0
2024,1996,0,1013,Wisconsin,5,1,64,61.0,1052,James Madison,12,64,64,72.0,0
2024,1994,0,1059,Gonzaga,5,1,64,86.0,1046,McNeese St.,12,64,64,65.0,1
2024,1992,0,1073,BYU,6,1,64,67.0,1062,Duquesne,11,64,64,71.0,0
2024,1990,0,1072,Clemson,6,1,64,77.0,1039,New Mexico,11,64,64,56.0,1
2024,1988,0,1021,Texas Tech,6,1,64,67.0,1037,North Carolina St.,11,64,64,80.0,0
2024,1986,0,1028,South Carolina,6,1,64,73.0,1034,Oregon,11,64,64,87.0,0
2024,1984,0,1015,Washington St.,7,1,64,66.0,1064,Drake,10,64,64,61.0,1
2024,1982,0,1065,Dayton,7,1,64,63.0,1040,Nevada,10,64,64,60.0,1
2024,1980,0,1061,Florida,7,1,64,100.0,1069,Colorado,10,64,64,102.0,0
2024,1976,0,1023,Texas,7,1,64,56.0,1068,Colorado St.,10,64,64,44.0,1
2024,1972,0,1060,Florida Atlantic,8,1,64,65.0,1036,Northwestern,9,64,64,77.0,0
2024,1970,0,1044,Mississippi St.,8,1,64,51.0,1045,Michigan St.,9,64,64,69.0,0
2024,1968,0,1041,Nebraska,8,1,64,83.0,1022,Texas A&M,9,64,64,98.0,0
2024,1966,0,1019,Utah St.,8,1,64,88.0,1025,TCU,9,64,64,72.0,1
2024,1964,0,1067,Connecticut,1,1,32,75.0,1036,Northwestern,9,32,32,58.0,1
2024,1960,0,1038,North Carolina,1,1,32,85.0,1045,Michigan St.,9,32,32,69.0,1
2024,1956,0,1056,Houston,1,1,32,100.0,1022,Texas A&M,9,32,32,95.0,1
2024,1952,0,1033,Purdue,1,1,32,106.0,1019,Utah St.,8,32,32,67.0,1
2024,1948,0,1053,Iowa St.,2,1,32,67.0,1015,Washington St.,7,32,32,56.0,1
2024,1944,0,1077,Arizona,2,1,32,78.0,1065,Dayton,7,32,32,68.0,1
2024,1940,0,1047,Marquette,2,1,32,81.0,1069,Colorado,10,32,32,77.0,1
2024,1934,0,1024,Tennessee,2,1,32,62.0,1023,Texas,7,32,32,58.0,1
2024,1928,0,1054,Illinois,3,1,32,89.0,1062,Duquesne,11,32,32,63.0,1
2024,1924,0,1075,Baylor,3,1,32,64.0,1072,Clemson,6,32,32,72.0,0
2024,1918,0,1050,Oakland,14,1,32,73.0,1037,North Carolina St.,11,32,32,79.0,0
2024,1916,0,1066,Creighton,3,1,32,86.0,1034,Oregon,11,32,32,73.0,1
2024,1912,0,1076,Yale,13,1,32,57.0,1029,San Diego St.,5,32,32,85.0,0
2024,1910,0,1078,Alabama,4,1,32,72.0,1057,Grand Canyon,12,32,32,61.0,1
2024,1908,0,1063,Duke,4,1,32,93.0,376,James Madison,12,32,32,55.0,1
2024,1906,0,1051,Kansas,4,1,32,68.0,1059,Gonzaga,5,32,32,89.0,0
2024,1902,0,1067,Connecticut,1,1,16,82.0,1029,San Diego St.,5,16,16,52.0,1
2024,1900,0,1038,North Carolina,1,1,16,87.0,1078,Alabama,4,16,16,89.0,0
2024,1896,0,1056,Houston,1,1,16,51.0,1063,Duke,4,16,16,54.0,0
2024,1892,0,1033,Purdue,1,1,16,80.0,1059,Gonzaga,5,16,16,68.0,1
2024,1887,0,1047,Marquette,2,16,16,58.0,1037,North Carolina St.,11,16,16,67.0,0
2024,1885,0,1053,Iowa St.,2,16,16,69.0,1054,Illinois,3,16,16,72.0,0
2024,1881,0,1024,Tennessee,2,16,16,82.0,1066,Creighton,3,16,16,75.0,1
2024,1883,0,1077,Arizona,2,16,16,72.0,1072,Clemson,6,16,16,77.0,0
2024,1884,0,1072,Clemson,6,8,8,82.0,1078,Alabama,4,8,8,89.0,0
2024,1880,0,1067,Connecticut,1,8,8,77.0,1054,Illinois,3,8,8,52.0,1
2024,1877,0,1037,North Carolina St.,11,8,8,76.0,1038,Duke,4,8,8,64.0,1
2024,1874,0,1033,Purdue,1,8,8,72.0,1024,Tennessee,2,8,8,66.0,1
2024,1872,0,1067,Connecticut,1,4,4,86.0,1078,Alabama,4,4,4,72.0,1
2024,1869,0,1033,Purdue,1,4,4,63.0,1037,North Carolina St.,11,4,4,50.0,1
2024,1868,0,1067,Connecticut,1,2,2,75.0,1056,Purdue,1,2,2,60.0,1
2023,1888,1888,1011,Alabama,1,16,64,96.0,955,Texas A&M Corpus Chris,16,64,64,75.0,1
2023,1886,1886,979,Maryland,8,32,64,67.0,945,West Virginia,9,64,64,65.0,1
2023,1884,1884,961,San Diego St.,5,2,64,63.0,1003,College of Charleston,12,64,64,57.0,1
2023,1882,1882,946,Virginia,4,64,64,67.0,996,Furman,13,32,64,68.0,0
2023,1880,1880,1001,Creighton,6,8,64,72.0,971,North Carolina St.,11,64,64,63.0,1
2023,1878,1878,1006,Baylor,3,32,64,74.0,953,UC Santa Barbara,14,64,64,56.0,1
2023,1876,1876,974,Missouri,7,32,64,76.0,949,Utah St.,10,64,64,65.0,1
2023,1874,1874,1010,Arizona,2,64,64,55.0,965,Princeton,15,16,64,59.0,0
2023,1872,1872,963,Purdue,1,64,64,58.0,998,Fairleigh Dickinson,16,32,64,63.0,0
2023,1870,1870,978,Memphis,8,64,64,65.0,997,Florida Atlantic,9,4,64,66.0,0
2023,1868,1868,999,Duke,5,32,64,74.0,968,Oral Roberts,12,64,64,51.0,1
2023,1866,1866,958,Tennessee,4,16,64,58.0,981,Louisiana Lafayette,13,64,64,55.0,1
2023,1864,1864,982,Kentucky,6,32,64,61.0,964,Providence,11,64,64,53.0,1
2023,1862,1862,985,Kansas St.,3,8,64,77.0,973,Montana St.,14,64,64,65.0,1
2023,1860,1860,976,Michigan St.,7,16,64,72.0,950,USC,10,64,64,62.0,1
2023,1858,1858,980,Marquette,2,32,64,78.0,947,Vermont,15,64,64,61.0,1
2023,1856,1856,993,Houston,1,16,64,63.0,970,Northern Kentucky,16,64,64,52.0,1
2023,1854,1854,988,Iowa,8,64,64,75.0,1007,Auburn,9,32,64,83.0,0
2023,1852,1852,977,Miami FL,5,4,64,63.0,1000,Drake,12,64,64,56.0,1
2023,1850,1850,990,Indiana,4,32,64,71.0,983,Kent St.,13,64,64,60.0,1
2023,1848,1848,987,Iowa St.,6,64,64,41.0,966,Pittsburgh,11,32,64,59.0,0
2023,1846,1846,944,Xavier,3,16,64,72.0,984,Kennesaw St.,14,64,64,67.0,1
2023,1844,1844,956,Texas A&M,7,64,64,59.0,967,Penn St.,10,32,64,76.0,0
2023,1842,1842,957,Texas,2,8,64,81.0,1004,Colgate,15,64,64,61.0,1
2023,1840,1840,986,Kansas,1,32,64,96.0,992,Howard,16,64,64,68.0,1
2023,1838,1838,1008,Arkansas,8,16,64,73.0,991,Illinois,9,64,64,63.0,1
2023,1836,1836,962,Saint Mary's,5,32,64,63.0,948,VCU,12,64,64,51.0,1
2023,1834,1834,1002,Connecticut,4,1,64,87.0,989,Iona,13,64,64,63.0,1
2023,1832,1832,959,TCU,6,32,64,72.0,1009,Arizona St.,11,64,64,70.0,1
2023,1830,1830,995,Gonzaga,3,8,64,82.0,994,Grand Canyon,14,64,64,70.0,1
2023,1828,1828,969,Northwestern,7,32,64,75.0,1005,Boise St.,10,64,64,67.0,1
2023,1826,1826,952,UCLA,2,16,64,86.0,951,UNC Asheville,15,64,64,53.0,1
2023,1824,930,1011,Alabama,1,16,32,73.0,979,Maryland,8,32,32,51.0,1
2023,1822,928,961,San Diego St.,5,2,32,75.0,996,Furman,13,32,32,52.0,1
2023,1820,926,1001,Creighton,6,8,32,85.0,1006,Baylor,3,32,32,76.0,1
2023,1818,924,974,Missouri,7,32,32,63.0,965,Princeton,15,16,32,78.0,0
2023,1816,922,998,Fairleigh Dickinson,16,32,32,70.0,997,Florida Atlantic,9,4,32,78.0,0
2023,1814,920,999,Duke,5,32,32,52.0,958,Tennessee,4,16,32,65.0,0
2023,1812,918,982,Kentucky,6,32,32,69.0,985,Kansas St.,3,8,32,75.0,0
2023,1810,916,976,Michigan St.,7,16,32,69.0,980,Marquette,2,32,32,60.0,1
2023,1808,914,993,Houston,1,16,32,81.0,1007,Auburn,9,32,32,64.0,1
2023,1806,912,977,Miami FL,5,4,32,85.0,990,Indiana,4,32,32,69.0,1
2023,1804,910,966,Pittsburgh,11,32,32,73.0,944,Xavier,3,16,32,84.0,0
2023,1802,908,967,Penn St.,10,32,32,66.0,957,Texas,2,8,32,71.0,0
2023,1800,906,986,Kansas,1,32,32,71.0,1008,Arkansas,8,16,32,72.0,0
2023,1798,904,962,Saint Mary's,5,32,32,55.0,1002,Connecticut,4,1,32,70.0,0
2023,1796,902,959,TCU,6,32,32,81.0,995,Gonzaga,3,8,32,84.0,0
2023,1794,900,969,Northwestern,7,32,32,63.0,952,UCLA,2,16,32,68.0,0
2023,1792,450,1011,Alabama,1,16,16,64.0,961,San Diego St.,5,2,16,71.0,0
2023,1790,448,1001,Creighton,6,8,16,86.0,965,Princeton,15,16,16,75.0,1
2023,1788,446,997,Florida Atlantic,9,4,16,62.0,958,Tennessee,4,16,16,55.0,1
2023,1786,444,985,Kansas St.,3,8,16,98.0,976,Michigan St.,7,16,16,93.0,1
2023,1784,442,993,Houston,1,16,16,75.0,977,Miami FL,5,4,16,89.0,0
2023,1782,440,944,Xavier,3,16,16,71.0,957,Texas,2,8,16,83.0,0
2023,1780,438,1008,Arkansas,8,16,16,65.0,1002,Connecticut,4,1,16,88.0,0
2023,1778,436,995,Gonzaga,3,8,16,79.0,952,UCLA,2,16,16,76.0,1
2023,1776,210,961,San Diego St.,5,2,8,57.0,1001,Creighton,6,8,8,56.0,1
2023,1774,208,997,Florida Atlantic,9,4,8,79.0,985,Kansas St.,3,8,8,76.0,1
2023,1772,206,977,Miami FL,5,4,8,88.0,957,Texas,2,8,8,81.0,1
2023,1770,204,1002,Connecticut,4,1,8,82.0,995,Gonzaga,3,8,8,54.0,1
2023,1768,90,961,San Diego St.,5,2,4,72.0,997,Florida Atlantic,9,4,4,71.0,1
2023,1766,88,977,Miami FL,5,4,4,59.0,1002,Connecticut,4,1,4,72.0,0
2023,1764,30,961,San Diego St.,5,2,2,59.0,1002,Connecticut,4,1,2,76.0,0
2022,1762,1824,925,Gonzaga,1,16,64,93.0,926,Georgia St.,16,64,64,72.0,1
2022,1760,1822,937,Boise St.,8,64,64,53.0,912,Memphis,9,32,64,64.0,0
2022,1758,1820,931,Connecticut,5,64,64,63.0,906,New Mexico St.,12,32,64,70.0,0
2022,1756,1818,940,Arkansas,4,8,64,75.0,882,Vermont,13,64,64,71.0,1
2022,1754,1816,942,Alabama,6,64,64,64.0,903,Notre Dame,11,32,64,78.0,0
2022,1752,1814,886,Texas Tech,3,16,64,97.0,908,Montana St.,14,64,64,62.0,1
2022,1750,1812,909,Michigan St.,7,32,64,74.0,929,Davidson,10,64,64,73.0,1
2022,1748,1810,927,Duke,2,4,64,78.0,935,Cal St. Fullerton,15,64,64,61.0,1
2022,1746,1808,938,Baylor,1,32,64,85.0,905,Norfolk St.,16,64,64,49.0,1
2022,1744,1806,904,North Carolina,8,2,64,95.0,913,Marquette,9,64,64,63.0,1
2022,1742,1804,897,Saint Mary's,5,32,64,82.0,922,Indiana,12,64,64,53.0,1
2022,1740,1802,884,UCLA,4,16,64,57.0,943,Akron,13,64,64,53.0,1
2022,1738,1800,889,Texas,6,32,64,81.0,880,Virginia Tech,11,64,64,73.0,1
2022,1736,1798,900,Purdue,3,16,64,78.0,876,Yale,14,64,64,56.0,1
2022,1734,1796,907,Murray St.,7,32,64,92.0,894,San Francisco,10,64,64,87.0,1
2022,1732,1794,917,Kentucky,2,64,64,79.0,896,Saint Peter's,15,8,64,85.0,0
2022,1730,1792,941,Arizona,1,16,64,87.0,878,Wright St.,16,64,64,70.0,1
2022,1728,1790,893,Seton Hall,8,64,64,42.0,891,TCU,9,32,64,69.0,0
2022,1726,1788,924,Houston,5,8,64,82.0,885,UAB,12,64,64,68.0,1
2022,1724,1786,923,Illinois,4,32,64,54.0,934,Chattanooga,13,64,64,53.0,1
2022,1722,1784,932,Colorado St.,6,64,64,63.0,910,Michigan,11,16,64,75.0,0
2022,1720,1782,890,Tennessee,3,32,64,88.0,916,Longwood,14,64,64,56.0,1
2022,1718,1780,902,Ohio St.,7,32,64,54.0,915,Loyola Chicago,10,64,64,41.0,1
2022,1716,1778,881,Villanova,2,4,64,80.0,928,Delaware,15,64,64,60.0,1
2022,1714,1776,918,Kansas,1,1,64,83.0,887,Texas Southern,16,64,64,56.0,1
2022,1712,1774,895,San Diego St.,8,64,64,69.0,930,Creighton,9,32,64,72.0,0
2022,1710,1772,921,Iowa,5,64,64,63.0,899,Richmond,12,32,64,67.0,0
2022,1708,1770,901,Providence,4,16,64,66.0,892,South Dakota St.,13,64,64,57.0,1
2022,1706,1768,914,LSU,6,64,64,54.0,920,Iowa St.,11,16,64,59.0,0
2022,1704,1766,879,Wisconsin,3,32,64,67.0,933,Colgate,14,64,64,60.0,1
2022,1702,1764,883,USC,7,64,64,66.0,911,Miami FL,10,8,64,68.0,0
2022,1700,1762,939,Auburn,2,32,64,80.0,919,Jacksonville St.,15,64,64,61.0,1
2022,1698,898,925,Gonzaga,1,16,32,82.0,912,Memphis,9,32,32,78.0,1
2022,1696,896,906,New Mexico St.,12,32,32,48.0,940,Arkansas,4,8,32,53.0,0
2022,1694,894,903,Notre Dame,11,32,32,53.0,886,Texas Tech,3,16,32,59.0,0
2022,1692,892,909,Michigan St.,7,32,32,76.0,927,Duke,2,4,32,85.0,0
2022,1690,890,938,Baylor,1,32,32,86.0,904,North Carolina,8,2,32,93.0,0
2022,1688,888,897,Saint Mary's,5,32,32,56.0,884,UCLA,4,16,32,72.0,0
2022,1686,886,889,Texas,6,32,32,71.0,900,Purdue,3,16,32,81.0,0
2022,1684,884,907,Murray St.,7,32,32,60.0,896,Saint Peter's,15,8,32,70.0,0
2022,1682,882,941,Arizona,1,16,32,85.0,891,TCU,9,32,32,80.0,1
2022,1680,880,924,Houston,5,8,32,68.0,923,Illinois,4,32,32,53.0,1
2022,1678,878,910,Michigan,11,16,32,76.0,890,Tennessee,3,32,32,68.0,1
2022,1676,876,902,Ohio St.,7,32,32,61.0,881,Villanova,2,4,32,71.0,0
2022,1674,874,918,Kansas,1,1,32,79.0,930,Creighton,9,32,32,72.0,1
2022,1672,872,899,Richmond,12,32,32,51.0,901,Providence,4,16,32,79.0,0
2022,1670,870,920,Iowa St.,11,16,32,54.0,879,Wisconsin,3,32,32,49.0,1
2022,1668,868,911,Miami FL,10,8,32,79.0,939,Auburn,2,32,32,61.0,1
2022,1666,434,925,Gonzaga,1,16,16,68.0,940,Arkansas,4,8,16,74.0,0
2022,1664,432,886,Texas Tech,3,16,16,73.0,927,Duke,2,4,16,78.0,0
2022,1662,430,904,North Carolina,8,2,16,73.0,884,UCLA,4,16,16,66.0,1
2022,1660,428,900,Purdue,3,16,16,64.0,896,Saint Peter's,15,8,16,67.0,0
2022,1658,426,941,Arizona,1,16,16,60.0,924,Houston,5,8,16,72.0,0
2022,1656,424,910,Michigan,11,16,16,55.0,881,Villanova,2,4,16,63.0,0
2022,1654,422,918,Kansas,1,1,16,66.0,901,Providence,4,16,16,61.0,1
2022,1652,420,920,Iowa St.,11,16,16,56.0,911,Miami FL,10,8,16,70.0,0
2022,1650,202,940,Arkansas,4,8,8,69.0,927,Duke,2,4,8,78.0,0
2022,1648,200,904,North Carolina,8,2,8,69.0,896,Saint Peter's,15,8,8,49.0,1
2022,1646,198,924,Houston,5,8,8,44.0,881,Villanova,2,4,8,50.0,0
2022,1644,196,918,Kansas,1,1,8,76.0,911,Miami FL,10,8,8,50.0,1
2022,1642,86,927,Duke,2,4,4,77.0,904,North Carolina,8,2,4,81.0,0
2022,1640,84,881,Villanova,2,4,4,65.0,918,Kansas,1,1,4,81.0,0
2022,1638,28,904,North Carolina,8,2,2,69.0,918,Kansas,1,1,2,72.0,0
2021,1636,1760,856,Gonzaga,1,2,64,98.0,839,Norfolk St.,16,64,64,55.0,1
2021,1634,1758,834,Oklahoma,8,32,64,72.0,842,Missouri,9,64,64,68.0,1
2021,1632,1756,864,Creighton,5,16,64,63.0,820,UC Santa Barbara,12,64,64,62.0,1
2021,1630,1754,813,Virginia,4,64,64,58.0,836,Ohio,13,32,64,62.0,0
2021,1628,1752,817,USC,6,8,64,72.0,863,Drake,11,64,64,56.0,1
2021,1626,1750,849,Kansas,3,32,64,93.0,861,Eastern Washington,14,64,64,84.0,1
2021,1624,1748,850,Iowa,2,32,64,86.0,855,Grand Canyon,15,64,64,74.0,1
2021,1622,1746,844,Michigan,1,8,64,82.0,822,Texas Southern,16,64,64,66.0,1
2021,1620,1744,846,LSU,8,32,64,76.0,826,St. Bonaventure,9,64,64,61.0,1
2021,1618,1742,866,Colorado,5,32,64,96.0,858,Georgetown,12,64,64,73.0,1
2021,1616,1740,859,Florida St.,4,16,64,64.0,818,UNC Greensboro,13,64,64,54.0,1
2021,1614,1738,870,BYU,6,64,64,62.0,819,UCLA,11,4,64,73.0,0
2021,1612,1736,823,Texas,3,64,64,52.0,875,Abilene Christian,14,32,64,53.0,0
2021,1610,1734,865,Connecticut,7,64,64,54.0,845,Maryland,10,32,64,63.0,0
2021,1608,1732,874,Alabama,2,16,64,68.0,851,Iona,15,64,64,55.0,1
2021,1606,1730,871,Baylor,1,1,64,79.0,854,Hartford,16,64,64,55.0,1
2021,1604,1728,838,North Carolina,8,64,64,62.0,808,Wisconsin,9,32,64,85.0,0
2021,1602,1726,814,Villanova,5,16,64,73.0,809,Winthrop,12,64,64,63.0,1
2021,1600,1724,829,Purdue,4,64,64,69.0,837,North Texas,13,32,64,78.0,0
2021,1598,1722,821,Texas Tech,6,32,64,65.0,816,Utah St.,11,64,64,53.0,1
2021,1596,1720,872,Arkansas,3,8,64,85.0,867,Colgate,14,64,64,68.0,1
2021,1594,1718,860,Florida,7,32,64,75.0,812,Virginia Tech,10,64,64,70.0,1
2021,1592,1716,835,Ohio St.,2,64,64,72.0,832,Oral Roberts,15,16,64,75.0,0
2021,1590,1714,852,Illinois,1,32,64,78.0,862,Drexel,16,64,64,49.0,1
2021,1588,1712,847,Loyola Chicago,8,16,64,71.0,857,Georgia Tech,9,64,64,60.0,1
2021,1586,1710,824,Tennessee,5,64,64,56.0,830,Oregon St.,12,8,64,70.0,0
2021,1584,1708,833,Oklahoma St.,4,32,64,69.0,848,Liberty,13,64,64,60.0,1
2021,1582,1706,827,San Diego St.,6,64,64,62.0,825,Syracuse,11,16,64,78.0,0
2021,1580,1704,811,West Virginia,3,32,64,84.0,841,Morehead St.,14,64,64,67.0,1
2021,1578,1702,869,Clemson,7,64,64,56.0,828,Rutgers,10,32,64,60.0,0
2021,1576,1700,853,Houston,2,4,64,87.0,868,Cleveland St.,15,64,64,56.0,1
2021,1574,866,856,Gonzaga,1,2,32,87.0,834,Oklahoma,8,32,32,71.0,1
2021,1572,864,864,Creighton,5,16,32,72.0,836,Ohio,13,32,32,58.0,1
2021,1570,862,817,USC,6,8,32,85.0,849,Kansas,3,32,32,51.0,1
2021,1568,860,831,Oregon,7,16,32,95.0,850,Iowa,2,32,32,80.0,1
2021,1566,858,844,Michigan,1,8,32,86.0,846,LSU,8,32,32,78.0,1
2021,1564,856,866,Colorado,5,32,32,53.0,859,Florida St.,4,16,32,71.0,0
2021,1562,854,819,UCLA,11,4,32,67.0,875,Abilene Christian,14,32,32,47.0,1
2021,1560,852,845,Maryland,10,32,32,77.0,874,Alabama,2,16,32,96.0,0
2021,1558,850,871,Baylor,1,1,32,76.0,808,Wisconsin,9,32,32,63.0,1
2021,1556,848,814,Villanova,5,16,32,84.0,837,North Texas,13,32,32,61.0,1
2021,1554,846,821,Texas Tech,6,32,32,66.0,872,Arkansas,3,8,32,68.0,0
2021,1552,844,860,Florida,7,32,32,78.0,832,Oral Roberts,15,16,32,81.0,0
2021,1550,842,852,Illinois,1,32,32,58.0,847,Loyola Chicago,8,16,32,71.0,0
2021,1548,840,830,Oregon St.,12,8,32,80.0,833,Oklahoma St.,4,32,32,70.0,1
2021,1546,838,825,Syracuse,11,16,32,75.0,811,West Virginia,3,32,32,72.0,1
2021,1544,836,828,Rutgers,10,32,32,60.0,853,Houston,2,4,32,63.0,0
2021,1542,418,856,Gonzaga,1,2,16,83.0,864,Creighton,5,16,16,65.0,1
2021,1540,416,817,USC,6,8,16,82.0,831,Oregon,7,16,16,68.0,1
2021,1538,414,844,Michigan,1,8,16,76.0,859,Florida St.,4,16,16,58.0,1
2021,1536,412,819,UCLA,11,4,16,88.0,874,Alabama,2,16,16,78.0,1
2021,1534,410,871,Baylor,1,1,16,62.0,814,Villanova,5,16,16,51.0,1
2021,1532,408,872,Arkansas,3,8,16,72.0,832,Oral Roberts,15,16,16,70.0,1
2021,1530,406,847,Loyola Chicago,8,16,16,58.0,830,Oregon St.,12,8,16,65.0,0
2021,1528,404,825,Syracuse,11,16,16,46.0,853,Houston,2,4,16,62.0,0
2021,1526,194,856,Gonzaga,1,2,8,85.0,817,USC,6,8,8,66.0,1
2021,1524,192,844,Michigan,1,8,8,49.0,819,UCLA,11,4,8,51.0,0
2021,1522,190,871,Baylor,1,1,8,81.0,872,Arkansas,3,8,8,72.0,1
2021,1520,188,830,Oregon St.,12,8,8,61.0,853,Houston,2,4,8,67.0,0
2021,1518,82,856,Gonzaga,1,2,4,93.0,819,UCLA,11,4,4,90.0,1
2021,1516,80,871,Baylor,1,1,4,78.0,853,Houston,2,4,4,59.0,1
2021,1514,26,856,Gonzaga,1,2,2,70.0,871,Baylor,1,1,2,86.0,0
2019,1512,1698,798,Duke,1,8,64,85.0,768,North Dakota St.,16,64,64,62.0,1
2019,1510,1696,748,VCU,8,64,64,58.0,750,UCF,9,32,64,73.0,0
2019,1508,1694,775,Mississippi St.,5,64,64,76.0,784,Liberty,12,32,64,80.0,0
2019,1506,1692,744,Virginia Tech,4,16,64,66.0,759,Saint Louis,13,64,64,52.0,1
2019,1504,1690,780,Maryland,6,32,64,79.0,803,Belmont,11,64,64,77.0,1
2019,1502,1688,782,LSU,3,16,64,79.0,740,Yale,14,64,64,74.0,1
2019,1500,1686,783,Louisville,7,64,64,76.0,777,Minnesota,10,32,64,86.0,0
2019,1498,1684,778,Michigan St.,2,4,64,76.0,802,Bradley,15,64,64,65.0,1
2019,1496,1682,792,Gonzaga,1,8,64,87.0,797,Fairleigh Dickinson,16,64,64,49.0,1
2019,1494,1680,755,Syracuse,8,64,64,69.0,804,Baylor,9,32,64,78.0,0
2019,1492,1678,781,Marquette,5,64,64,64.0,773,Murray St.,12,32,64,83.0,0
2019,1490,1676,795,Florida St.,4,16,64,76.0,747,Vermont,13,64,64,69.0,1
2019,1488,1674,801,Buffalo,6,32,64,91.0,806,Arizona St.,11,64,64,74.0,1
2019,1486,1672,752,Texas Tech,3,2,64,72.0,766,Northern Kentucky,14,64,64,57.0,1
2019,1484,1670,772,Nevada,7,64,64,61.0,796,Florida,10,32,64,70.0,0
2019,1482,1668,779,Michigan,2,16,64,74.0,774,Montana,15,64,64,55.0,1
2019,1480,1666,745,Virginia,1,1,64,71.0,794,Gardner Webb,16,64,64,56.0,1
2019,1478,1664,776,Mississippi,8,64,64,72.0,764,Oklahoma,9,32,64,95.0,0
2019,1476,1662,742,Wisconsin,5,64,64,54.0,762,Oregon,12,16,64,72.0,0
2019,1474,1660,786,Kansas St.,4,64,64,64.0,751,UC Irvine,13,32,64,70.0,0
2019,1472,1658,746,Villanova,6,32,64,61.0,758,Saint Mary's,11,64,64,57.0,1
2019,1470,1656,760,Purdue,3,8,64,61.0,763,Old Dominion,14,64,64,48.0,1
2019,1468,1654,800,Cincinnati,7,64,64,72.0,789,Iowa,10,32,64,79.0,0
2019,1466,1652,753,Tennessee,2,16,64,77.0,799,Colgate,15,64,64,70.0,1
2019,1464,1650,770,North Carolina,1,16,64,88.0,790,Iona,16,64,64,73.0,1
2019,1462,1648,749,Utah St.,8,64,64,61.0,743,Washington,9,32,64,78.0,0
2019,1460,1646,805,Auburn,5,4,64,78.0,771,New Mexico St.,12,64,64,77.0,1
2019,1458,1644,787,Kansas,4,32,64,87.0,767,Northeastern,13,64,64,52.0,1
2019,1456,1642,788,Iowa St.,6,64,64,59.0,765,Ohio St.,11,32,64,62.0,0
2019,1454,1640,791,Houston,3,16,64,84.0,793,Georgia St.,14,64,64,55.0,1
2019,1452,1638,741,Wofford,7,32,64,84.0,757,Seton Hall,10,64,64,68.0,1
2019,1450,1636,785,Kentucky,2,8,64,79.0,807,Abilene Christian,15,64,64,44.0,1
2019,1448,834,798,Duke,1,8,32,77.0,750,UCF,9,32,32,76.0,1
2019,1446,832,784,Liberty,12,32,32,58.0,744,Virginia Tech,4,16,32,67.0,0
2019,1444,830,780,Maryland,6,32,32,67.0,782,LSU,3,16,32,69.0,0
2019,1442,828,777,Minnesota,10,32,32,50.0,778,Michigan St.,2,4,32,70.0,0
2019,1440,826,792,Gonzaga,1,8,32,83.0,804,Baylor,9,32,32,71.0,1
2019,1438,824,773,Murray St.,12,32,32,62.0,795,Florida St.,4,16,32,90.0,0
2019,1436,822,801,Buffalo,6,32,32,58.0,752,Texas Tech,3,2,32,78.0,0
2019,1434,820,796,Florida,10,32,32,49.0,779,Michigan,2,16,32,64.0,0
2019,1432,818,269,Virginia,1,1,32,63.0,764,Oklahoma,9,32,32,51.0,1
2019,1430,816,762,Oregon,12,16,32,73.0,751,UC Irvine,13,32,32,54.0,1
2019,1428,814,746,Villanova,6,32,32,61.0,760,Purdue,3,8,32,87.0,0
2019,1426,812,789,Iowa,10,32,32,77.0,753,Tennessee,2,16,32,83.0,0
2019,1424,810,770,North Carolina,1,16,32,81.0,743,Washington,9,32,32,59.0,1
2019,1422,808,805,Auburn,5,4,32,89.0,787,Kansas,4,32,32,75.0,1
2019,1420,806,765,Ohio St.,11,32,32,59.0,791,Houston,3,16,32,74.0,0
2019,1418,804,741,Wofford,7,32,32,56.0,785,Kentucky,2,8,32,62.0,0
2019,1416,402,798,Duke,1,8,16,75.0,744,Virginia Tech,4,16,16,73.0,1
2019,1414,400,782,LSU,3,16,16,63.0,778,Michigan St.,2,4,16,80.0,0
2019,1412,398,792,Gonzaga,1,8,16,72.0,795,Florida St.,4,16,16,58.0,1
2019,1410,396,752,Texas Tech,3,2,16,63.0,779,Michigan,2,16,16,44.0,1
2019,1408,394,269,Virginia,1,1,16,53.0,762,Oregon,12,16,16,49.0,1
2019,1406,392,760,Purdue,3,8,16,99.0,753,Tennessee,2,16,16,94.0,1
2019,1404,390,770,North Carolina,1,16,16,80.0,805,Auburn,5,4,16,97.0,0
2019,1402,388,791,Houston,3,16,16,58.0,785,Kentucky,2,8,16,62.0,0
2019,1400,186,798,Duke,1,8,8,67.0,778,Michigan St.,2,4,8,68.0,0
2019,1398,184,792,Gonzaga,1,8,8,69.0,752,Texas Tech,3,2,8,75.0,0
2019,1396,182,269,Virginia,1,1,8,80.0,760,Purdue,3,8,8,75.0,1
2019,1394,180,805,Auburn,5,4,8,77.0,785,Kentucky,2,8,8,71.0,1
2019,1392,78,778,Michigan St.,2,4,4,51.0,752,Texas Tech,3,2,4,61.0,0
2019,1390,76,269,Virginia,1,1,4,63.0,805,Auburn,5,4,4,62.0,1
2019,1388,24,752,Texas Tech,3,2,2,77.0,269,Virginia,1,1,2,85.0,0
2018,1386,1634,677,Virginia,1,64,64,54.0,680,UMBC,16,32,64,74.0,0
2018,1384,1632,727,Creighton,8,64,64,59.0,717,Kansas St.,9,8,64,69.0,0
2018,1382,1630,716,Kentucky,5,16,64,78.0,726,Davidson,12,64,64,73.0,1
2018,1380,1628,738,Arizona,4,64,64,68.0,733,Buffalo,13,32,64,89.0,0
2018,1378,1626,711,Miami FL,6,64,64,62.0,713,Loyola Chicago,11,4,64,64.0,0
2018,1376,1624,686,Tennessee,3,32,64,73.0,673,Wright St.,14,64,64,47.0,1
2018,1374,1622,705,Nevada,7,16,64,87.0,685,Texas,10,64,64,83.0,1
2018,1372,1620,730,Cincinnati,2,32,64,68.0,722,Georgia St.,15,64,64,53.0,1
2018,1370,1618,672,Xavier,1,32,64,102.0,683,Texas Southern,16,64,64,83.0,1
2018,1368,1616,708,Missouri,8,64,64,54.0,723,Florida St.,9,8,64,67.0,0
2018,1366,1614,700,Ohio St.,5,32,64,81.0,691,South Dakota St.,12,64,64,73.0,1
2018,1364,1612,721,Gonzaga,4,16,64,68.0,679,UNC Greensboro,13,64,64,64.0,1
2018,1362,1610,720,Houston,6,32,64,67.0,693,San Diego St.,11,64,64,65.0,1
2018,1360,1608,710,Michigan,3,2,64,61.0,707,Montana,14,64,64,47.0,1
2018,1358,1606,684,Texas A&M,7,16,64,73.0,697,Providence,10,64,64,69.0,1
2018,1356,1604,703,North Carolina,2,32,64,84.0,715,Lipscomb,15,64,64,66.0,1
2018,1354,1602,678,Villanova,1,1,64,87.0,695,Radford,16,64,64,61.0,1
2018,1352,1600,676,Virginia Tech,8,64,64,83.0,739,Alabama,9,32,64,86.0,0
2018,1350,1598,675,West Virginia,5,16,64,85.0,706,Murray St.,12,64,64,68.0,1
2018,1348,1596,674,Wichita St.,4,64,64,75.0,712,Marshall,13,32,64,81.0,0
2018,1346,1594,724,Florida,6,32,64,77.0,690,St. Bonaventure,11,64,64,62.0,1
2018,1344,1592,682,Texas Tech,3,8,64,70.0,689,Stephen F. Austin,14,64,64,60.0,1
2018,1342,1590,736,Arkansas,7,64,64,62.0,732,Butler,10,32,64,79.0,0
2018,1340,1588,696,Purdue,2,16,64,74.0,731,Cal St. Fullerton,15,64,64,48.0,1
2018,1338,1586,718,Kansas,1,4,64,76.0,698,Penn,16,64,64,60.0,1
2018,1336,1584,692,Seton Hall,8,32,64,94.0,701,North Carolina St.,9,64,64,83.0,1
2018,1334,1582,729,Clemson,5,16,64,79.0,704,New Mexico St.,12,64,64,68.0,1
2018,1332,1580,735,Auburn,4,32,64,62.0,728,College of Charleston,13,64,64,58.0,1
2018,1330,1578,687,TCU,6,64,64,52.0,688,Syracuse,11,16,64,57.0,0
2018,1328,1576,709,Michigan St.,3,32,64,82.0,734,Bucknell,14,64,64,78.0,1
2018,1326,1574,694,Rhode Island,7,32,64,83.0,699,Oklahoma,10,64,64,78.0,1
2018,1324,1572,725,Duke,2,8,64,89.0,719,Iona,15,64,64,67.0,1
2018,1322,802,680,UMBC,16,32,32,43.0,717,Kansas St.,9,8,32,50.0,0
2018,1320,800,716,Kentucky,5,16,32,95.0,733,Buffalo,13,32,32,75.0,1
2018,1318,798,713,Loyola Chicago,11,4,32,63.0,686,Tennessee,3,32,32,62.0,1
2018,1316,796,705,Nevada,7,16,32,75.0,730,Cincinnati,2,32,32,73.0,1
2018,1314,794,672,Xavier,1,32,32,70.0,723,Florida St.,9,8,32,75.0,0
2018,1312,792,700,Ohio St.,5,32,32,84.0,721,Gonzaga,4,16,32,90.0,0
2018,1310,790,720,Houston,6,32,32,63.0,710,Michigan,3,2,32,64.0,0
2018,1308,788,684,Texas A&M,7,16,32,86.0,703,North Carolina,2,32,32,65.0,1
2018,1306,786,678,Villanova,1,1,32,81.0,739,Alabama,9,32,32,58.0,1
2018,1304,784,675,West Virginia,5,16,32,94.0,712,Marshall,13,32,32,71.0,1
2018,1302,782,724,Florida,6,32,32,66.0,682,Texas Tech,3,8,32,69.0,0
2018,1300,780,732,Butler,10,32,32,73.0,696,Purdue,2,16,32,76.0,0
2018,1298,778,718,Kansas,1,4,32,83.0,692,Seton Hall,8,32,32,79.0,1
2018,1296,776,729,Clemson,5,16,32,84.0,735,Auburn,4,32,32,53.0,1
2018,1294,774,688,Syracuse,11,16,32,55.0,709,Michigan St.,3,32,32,53.0,1
2018,1292,772,694,Rhode Island,7,32,32,62.0,725,Duke,2,8,32,87.0,0
2018,1290,386,717,Kansas St.,9,8,16,61.0,716,Kentucky,5,16,16,58.0,1
2018,1288,384,713,Loyola Chicago,11,4,16,69.0,705,Nevada,7,16,16,68.0,1
2018,1286,382,723,Florida St.,9,8,16,75.0,721,Gonzaga,4,16,16,60.0,1
2018,1284,380,710,Michigan,3,2,16,99.0,684,Texas A&M,7,16,16,72.0,1
2018,1282,378,678,Villanova,1,1,16,90.0,675,West Virginia,5,16,16,78.0,1
2018,1280,376,682,Texas Tech,3,8,16,78.0,696,Purdue,2,16,16,65.0,1
2018,1278,374,718,Kansas,1,4,16,80.0,729,Clemson,5,16,16,76.0,1
2018,1276,372,688,Syracuse,11,16,16,65.0,725,Duke,2,8,16,69.0,0
2018,1274,178,717,Kansas St.,9,8,8,62.0,713,Loyola Chicago,11,4,8,78.0,0
2018,1272,176,723,Florida St.,9,8,8,54.0,710,Michigan,3,2,8,58.0,0
2018,1270,174,678,Villanova,1,1,8,71.0,682,Texas Tech,3,8,8,59.0,1
2018,1268,172,718,Kansas,1,4,8,85.0,725,Duke,2,8,8,81.0,1
2018,1266,74,713,Loyola Chicago,11,4,4,57.0,710,Michigan,3,2,4,69.0,0
2018,1264,72,678,Villanova,1,1,4,95.0,718,Kansas,1,4,4,79.0,1
2018,1262,22,710,Michigan,3,2,2,62.0,678,Villanova,1,1,2,79.0,0
2017,1260,1570,612,Villanova,1,32,64,76.0,642,Mount St. Mary's,16,64,64,56.0,1
2017,1258,1568,605,Wisconsin,8,16,64,84.0,610,Virginia Tech,9,64,64,74.0,1
2017,1256,1566,611,Virginia,5,32,64,76.0,617,UNC Wilmington,12,64,64,71.0,1
2017,1254,1564,661,Florida,4,8,64,80.0,662,East Tennessee St.,13,64,64,65.0,1
2017,1252,1562,624,SMU,6,64,64,65.0,616,USC,11,32,64,66.0,0
2017,1250,1560,669,Baylor,3,16,64,91.0,640,New Mexico St.,14,64,64,73.0,1
2017,1248,1558,623,South Carolina,7,4,64,93.0,649,Marquette,10,64,64,73.0,1
2017,1246,1556,663,Duke,2,32,64,87.0,620,Troy,15,64,64,65.0,1
2017,1244,1554,658,Gonzaga,1,2,64,66.0,622,South Dakota St.,16,64,64,46.0,1
2017,1242,1552,634,Northwestern,8,32,64,68.0,615,Vanderbilt,9,64,64,66.0,1
2017,1240,1550,633,Notre Dame,5,32,64,60.0,630,Princeton,12,64,64,58.0,1
2017,1238,1548,608,West Virginia,4,16,64,86.0,668,Bucknell,13,64,64,80.0,1
2017,1236,1546,648,Maryland,6,64,64,65.0,604,Xavier,11,8,64,76.0,0
2017,1234,1544,659,Florida St.,3,32,64,86.0,660,Florida Gulf Coast,14,64,64,80.0,1
2017,1232,1542,626,Saint Mary's,7,32,64,85.0,614,VCU,10,64,64,77.0,1
2017,1230,1540,671,Arizona,2,16,64,100.0,636,North Dakota,15,64,64,82.0,1
2017,1228,1538,654,Kansas,1,8,64,100.0,619,UC Davis,16,64,64,62.0,1
2017,1226,1536,647,Miami FL,8,64,64,58.0,645,Michigan St.,9,32,64,78.0,0
2017,1224,1534,656,Iowa St.,5,32,64,84.0,641,Nevada,12,64,64,73.0,1
2017,1222,1532,628,Purdue,4,16,64,80.0,613,Vermont,13,64,64,70.0,1
2017,1220,1530,665,Creighton,6,64,64,72.0,627,Rhode Island,11,32,64,84.0,0
2017,1218,1528,631,Oregon,3,4,64,93.0,657,Iona,14,64,64,77.0,1
2017,1216,1526,646,Michigan,7,16,64,92.0,632,Oklahoma St.,10,64,64,91.0,1
2017,1214,1524,650,Louisville,2,32,64,78.0,655,Jacksonville St.,15,64,64,63.0,1
2017,1212,1522,638,North Carolina,1,1,64,103.0,621,Texas Southern,16,64,64,64.0,1
2017,1210,1520,670,Arkansas,8,32,64,77.0,625,Seton Hall,9,64,64,71.0,1
2017,1208,1518,643,Minnesota,5,64,64,72.0,644,Middle Tennessee,12,32,64,81.0,0
2017,1206,1516,667,Butler,4,16,64,76.0,606,Winthrop,13,64,64,64.0,1
2017,1204,1514,666,Cincinnati,6,32,64,75.0,653,Kansas St.,11,64,64,61.0,1
2017,1202,1512,618,UCLA,3,16,64,97.0,652,Kent St.,14,64,64,80.0,1
2017,1200,1510,664,Dayton,7,64,64,58.0,607,Wichita St.,10,32,64,64.0,0
2017,1198,1508,651,Kentucky,2,8,64,79.0,635,Northern Kentucky,15,64,64,70.0,1
2017,1196,770,612,Villanova,1,32,32,62.0,605,Wisconsin,8,16,32,65.0,0
2017,1194,768,611,Virginia,5,32,32,39.0,661,Florida,4,8,32,65.0,0
2017,1192,766,616,USC,11,32,32,78.0,669,Baylor,3,16,32,82.0,0
2017,1190,764,623,South Carolina,7,4,32,88.0,663,Duke,2,32,32,81.0,1
2017,1188,762,658,Gonzaga,1,2,32,79.0,634,Northwestern,8,32,32,73.0,1
2017,1186,760,633,Notre Dame,5,32,32,71.0,608,West Virginia,4,16,32,83.0,0
2017,1184,758,604,Xavier,11,8,32,91.0,659,Florida St.,3,32,32,66.0,1
2017,1182,756,626,Saint Mary's,7,32,32,60.0,671,Arizona,2,16,32,69.0,0
2017,1180,754,654,Kansas,1,8,32,90.0,645,Michigan St.,9,32,32,70.0,1
2017,1178,752,656,Iowa St.,5,32,32,76.0,628,Purdue,4,16,32,80.0,0
2017,1176,750,627,Rhode Island,11,32,32,72.0,631,Oregon,3,4,32,75.0,0
2017,1174,748,646,Michigan,7,16,32,73.0,650,Louisville,2,32,32,69.0,1
2017,1172,746,638,North Carolina,1,1,32,72.0,670,Arkansas,8,32,32,65.0,1
2017,1170,744,644,Middle Tennessee,12,32,32,65.0,667,Butler,4,16,32,74.0,0
2017,1168,742,666,Cincinnati,6,32,32,67.0,618,UCLA,3,16,32,79.0,0
2017,1166,740,607,Wichita St.,10,32,32,62.0,651,Kentucky,2,8,32,65.0,0
2017,1164,370,605,Wisconsin,8,16,16,83.0,661,Florida,4,8,16,84.0,0
2017,1162,368,669,Baylor,3,16,16,50.0,623,South Carolina,7,4,16,70.0,0
2017,1160,366,658,Gonzaga,1,2,16,61.0,608,West Virginia,4,16,16,58.0,1
2017,1158,364,604,Xavier,11,8,16,73.0,671,Arizona,2,16,16,71.0,1
2017,1156,362,654,Kansas,1,8,16,98.0,628,Purdue,4,16,16,66.0,1
2017,1154,360,631,Oregon,3,4,16,69.0,646,Michigan,7,16,16,68.0,1
2017,1152,358,638,North Carolina,1,1,16,92.0,667,Butler,4,16,16,80.0,1
2017,1150,356,618,UCLA,3,16,16,75.0,651,Kentucky,2,8,16,86.0,0
2017,1148,170,661,Florida,4,8,8,70.0,623,South Carolina,7,4,8,77.0,0
2017,1146,168,658,Gonzaga,1,2,8,83.0,604,Xavier,11,8,8,59.0,1
2017,1144,166,654,Kansas,1,8,8,60.0,631,Oregon,3,4,8,74.0,0
2017,1142,164,638,North Carolina,1,1,8,75.0,651,Kentucky,2,8,8,73.0,1
2017,1140,70,623,South Carolina,7,4,4,73.0,658,Gonzaga,1,2,4,77.0,0
2017,1138,68,631,Oregon,3,4,4,76.0,638,North Carolina,1,1,4,77.0,0
2017,1136,20,658,Gonzaga,1,2,2,65.0,638,North Carolina,1,1,2,71.0,0
2016,1134,1506,578,Kansas,1,8,64,105.0,602,Austin Peay,16,64,64,79.0,1
2016,1132,1504,594,Colorado,8,64,64,67.0,593,Connecticut,9,32,64,74.0,0
2016,1130,1502,575,Maryland,5,16,64,79.0,559,South Dakota St.,12,64,64,74.0,1
2016,1128,1500,597,California,4,64,64,66.0,584,Hawaii,13,32,64,77.0,0
2016,1126,1498,603,Arizona,6,64,64,55.0,539,Wichita St.,11,32,64,65.0,0
2016,1124,1496,574,Miami FL,3,16,64,79.0,600,Buffalo,14,64,64,72.0,1
2016,1122,1494,580,Iowa,7,32,64,72.0,554,Temple,10,64,64,70.0,1
2016,1120,1492,543,Villanova,2,1,64,86.0,549,UNC Asheville,15,64,64,56.0,1
2016,1118,1490,566,Oregon,1,8,64,91.0,583,Holy Cross,16,64,64,52.0,1
2016,1116,1488,561,Saint Joseph's,8,32,64,78.0,595,Cincinnati,9,64,64,76.0,1
2016,1114,1486,601,Baylor,5,64,64,75.0,536,Yale,12,32,64,79.0,0
2016,1112,1484,591,Duke,4,16,64,93.0,548,UNC Wilmington,13,64,64,85.0,1
2016,1110,1482,553,Texas,6,64,64,72.0,569,Northern Iowa,11,32,64,75.0,0
2016,1108,1480,552,Texas A&M,3,16,64,92.0,586,Green Bay,14,64,64,65.0,1
2016,1106,1478,565,Oregon St.,7,64,64,67.0,544,VCU,10,32,64,75.0,0
2016,1104,1476,567,Oklahoma,2,4,64,82.0,598,Cal St. Bakersfield,15,64,64,68.0,1
2016,1102,1474,570,North Carolina,1,2,64,83.0,589,Florida Gulf Coast,16,64,64,67.0,1
2016,1100,1472,547,USC,8,64,64,69.0,563,Providence,9,32,64,70.0,0
2016,1098,1470,582,Indiana,5,16,64,99.0,596,Chattanooga,12,64,64,74.0,1
2016,1096,1468,577,Kentucky,4,32,64,85.0,556,Stony Brook,13,64,64,57.0,1
2016,1094,1466,568,Notre Dame,6,8,64,70.0,573,Michigan,11,64,64,63.0,1
2016,1092,1464,540,West Virginia,3,64,64,56.0,557,Stephen F. Austin,14,32,64,70.0,0
2016,1090,1462,538,Wisconsin,7,16,64,47.0,564,Pittsburgh,10,64,64,43.0,1
2016,1088,1460,537,Xavier,2,32,64,71.0,541,Weber St.,15,64,64,53.0,1
2016,1086,1458,542,Virginia,1,8,64,81.0,585,Hampton,16,64,64,45.0,1
2016,1084,1456,551,Texas Tech,8,64,64,61.0,599,Butler,9,32,64,71.0,0
2016,1082,1454,562,Purdue,5,64,64,83.0,576,Little Rock,12,32,64,85.0,0
2016,1080,1452,579,Iowa St.,4,16,64,94.0,581,Iona,13,64,64,81.0,1
2016,1078,1450,560,Seton Hall,6,64,64,52.0,587,Gonzaga,11,16,64,68.0,0
2016,1076,1448,546,Utah,3,32,64,80.0,588,Fresno St.,14,64,64,69.0,1
2016,1074,1446,592,Dayton,7,64,64,51.0,555,Syracuse,10,4,64,70.0,0
2016,1072,1444,572,Michigan St.,2,64,64,81.0,571,Middle Tennessee,15,32,64,90.0,0
2016,1070,738,578,Kansas,1,8,32,73.0,593,Connecticut,9,32,32,61.0,1
2016,1068,736,575,Maryland,5,16,32,73.0,584,Hawaii,13,32,32,60.0,1
2016,1066,734,539,Wichita St.,11,32,32,57.0,574,Miami FL,3,16,32,65.0,0
2016,1064,732,580,Iowa,7,32,32,68.0,543,Villanova,2,1,32,87.0,0
2016,1062,730,566,Oregon,1,8,32,69.0,561,Saint Joseph's,8,32,32,64.0,1
2016,1060,728,536,Yale,12,32,32,64.0,591,Duke,4,16,32,71.0,0
2016,1058,726,569,Northern Iowa,11,32,32,88.0,552,Texas A&M,3,16,32,92.0,0
2016,1056,724,544,VCU,10,32,32,81.0,567,Oklahoma,2,4,32,85.0,0
2016,1054,722,570,North Carolina,1,2,32,85.0,563,Providence,9,32,32,66.0,1
2016,1052,720,582,Indiana,5,16,32,73.0,577,Kentucky,4,32,32,67.0,1
2016,1050,718,568,Notre Dame,6,8,32,76.0,557,Stephen F. Austin,14,32,32,75.0,1
2016,1048,716,538,Wisconsin,7,16,32,66.0,537,Xavier,2,32,32,63.0,1
2016,1046,714,542,Virginia,1,8,32,77.0,599,Butler,9,32,32,69.0,1
2016,1044,712,576,Little Rock,12,32,32,61.0,579,Iowa St.,4,16,32,78.0,0
2016,1042,710,587,Gonzaga,11,16,32,82.0,546,Utah,3,32,32,59.0,1
2016,1040,708,555,Syracuse,10,4,32,75.0,571,Middle Tennessee,15,32,32,50.0,1
2016,1038,354,578,Kansas,1,8,16,79.0,575,Maryland,5,16,16,63.0,1
2016,1036,352,574,Miami FL,3,16,16,69.0,543,Villanova,2,1,16,92.0,0
2016,1034,350,566,Oregon,1,8,16,82.0,591,Duke,4,16,16,68.0,1
2016,1032,348,552,Texas A&M,3,16,16,63.0,567,Oklahoma,2,4,16,77.0,0
2016,1030,346,570,North Carolina,1,2,16,101.0,582,Indiana,5,16,16,86.0,1
2016,1028,344,568,Notre Dame,6,8,16,61.0,538,Wisconsin,7,16,16,56.0,1
2016,1026,342,542,Virginia,1,8,16,84.0,579,Iowa St.,4,16,16,71.0,1
2016,1024,340,587,Gonzaga,11,16,16,60.0,555,Syracuse,10,4,16,63.0,0
2016,1022,162,578,Kansas,1,8,8,59.0,543,Villanova,2,1,8,64.0,0
2016,1020,160,566,Oregon,1,8,8,68.0,567,Oklahoma,2,4,8,80.0,0
2016,1018,158,570,North Carolina,1,2,8,88.0,568,Notre Dame,6,8,8,74.0,1
2016,1016,156,542,Virginia,1,8,8,62.0,555,Syracuse,10,4,8,68.0,0
2016,1014,66,543,Villanova,2,1,4,95.0,567,Oklahoma,2,4,4,51.0,1
2016,1012,64,570,North Carolina,1,2,4,83.0,555,Syracuse,10,4,4,66.0,1
2016,1010,18,543,Villanova,2,1,2,77.0,570,North Carolina,1,2,2,74.0,1
2015,1008,1442,510,Kentucky,1,4,64,79.0,516,Hampton,16,64,64,56.0,1
2015,1006,1440,526,Cincinnati,8,32,64,66.0,489,Purdue,9,64,64,65.0,1
2015,1004,1438,473,West Virginia,5,16,64,68.0,529,Buffalo,12,64,64,62.0,1
2015,1002,1436,505,Maryland,4,32,64,65.0,477,Valparaiso,13,64,64,62.0,1
2015,1000,1434,528,Butler,6,32,64,56.0,483,Texas,11,64,64,48.0,1
2015,998,1432,495,Notre Dame,3,8,64,69.0,497,Northeastern,14,64,64,65.0,1
2015,996,1430,472,Wichita St.,7,16,64,81.0,514,Indiana,10,64,64,76.0,1
2015,994,1428,511,Kansas,2,32,64,75.0,502,New Mexico St.,15,64,64,56.0,1
2015,992,1426,471,Wisconsin,1,2,64,86.0,525,Coastal Carolina,16,64,64,72.0,1
2015,990,1424,491,Oregon,8,32,64,79.0,492,Oklahoma St.,9,64,64,73.0,1
2015,988,1422,533,Arkansas,5,32,64,56.0,470,Wofford,12,64,64,53.0,1
2015,986,1420,501,North Carolina,4,16,64,67.0,515,Harvard,13,64,64,65.0,1
2015,984,1418,468,Xavier,6,16,64,76.0,503,Mississippi,11,64,64,57.0,1
2015,982,1416,532,Baylor,3,64,64,56.0,518,Georgia St.,14,32,64,57.0,0
2015,980,1414,476,VCU,7,64,64,72.0,494,Ohio St.,10,32,64,75.0,0
2015,978,1412,534,Arizona,2,8,64,93.0,482,Texas Southern,15,64,64,72.0,1
2015,976,1410,475,Villanova,1,32,64,93.0,509,Lafayette,16,64,64,52.0,1
2015,974,1408,500,North Carolina St.,8,16,64,66.0,507,LSU,9,64,64,65.0,1
2015,972,1406,496,Northern Iowa,5,32,64,71.0,469,Wyoming,12,64,64,54.0,1
2015,970,1404,508,Louisville,4,8,64,57.0,480,UC Irvine,13,64,64,55.0,1
2015,968,1402,490,Providence,6,64,64,53.0,523,Dayton,11,32,64,66.0,0
2015,966,1400,493,Oklahoma,3,16,64,69.0,535,Albany,14,64,64,60.0,1
2015,964,1398,504,Michigan St.,7,4,64,70.0,519,Georgia,10,64,64,63.0,1
2015,962,1396,474,Virginia,2,32,64,79.0,531,Belmont,15,64,64,67.0,1
2015,960,1394,522,Duke,1,1,64,85.0,488,Robert Morris,16,64,64,56.0,1
2015,958,1392,487,San Diego St.,8,32,64,76.0,485,St. John's,9,64,64,64.0,1
2015,956,1390,478,Utah,5,16,64,57.0,484,Stephen F. Austin,12,64,64,50.0,1
2015,954,1388,520,Georgetown,4,32,64,84.0,521,Eastern Washington,13,64,64,74.0,1
2015,952,1386,486,SMU,6,64,64,59.0,479,UCLA,11,16,64,60.0,0
2015,950,1384,512,Iowa St.,3,64,64,59.0,481,UAB,14,32,64,60.0,0
2015,948,1382,513,Iowa,7,32,64,83.0,524,Davidson,10,64,64,52.0,1
2015,946,1380,517,Gonzaga,2,8,64,86.0,499,North Dakota St.,15,64,64,76.0,1
2015,944,706,510,Kentucky,1,4,32,64.0,526,Cincinnati,8,32,32,51.0,1
2015,942,704,473,West Virginia,5,16,32,69.0,505,Maryland,4,32,32,59.0,1
2015,940,702,528,Butler,6,32,32,64.0,495,Notre Dame,3,8,32,67.0,0
2015,938,700,472,Wichita St.,7,16,32,78.0,511,Kansas,2,32,32,65.0,1
2015,936,698,471,Wisconsin,1,2,32,72.0,491,Oregon,8,32,32,65.0,1
2015,934,696,533,Arkansas,5,32,32,78.0,501,North Carolina,4,16,32,87.0,0
2015,932,694,468,Xavier,6,16,32,75.0,518,Georgia St.,14,32,32,67.0,1
2015,930,692,494,Ohio St.,10,32,32,58.0,534,Arizona,2,8,32,73.0,0
2015,928,690,475,Villanova,1,32,32,68.0,500,North Carolina St.,8,16,32,71.0,0
2015,926,688,496,Northern Iowa,5,32,32,53.0,508,Louisville,4,8,32,66.0,0
2015,924,686,523,Dayton,11,32,32,66.0,493,Oklahoma,3,16,32,72.0,0
2015,922,684,504,Michigan St.,7,4,32,60.0,474,Virginia,2,32,32,54.0,1
2015,920,682,522,Duke,1,1,32,68.0,487,San Diego St.,8,32,32,49.0,1
2015,918,680,478,Utah,5,16,32,75.0,520,Georgetown,4,32,32,64.0,1
2015,916,678,479,UCLA,11,16,32,92.0,481,UAB,14,32,32,75.0,1
2015,914,676,513,Iowa,7,32,32,68.0,517,Gonzaga,2,8,32,87.0,0
2015,912,338,510,Kentucky,1,4,16,78.0,473,West Virginia,5,16,16,39.0,1
2015,910,336,495,Notre Dame,3,8,16,81.0,472,Wichita St.,7,16,16,70.0,1
2015,908,334,471,Wisconsin,1,2,16,79.0,501,North Carolina,4,16,16,72.0,1
2015,906,332,468,Xavier,6,16,16,60.0,534,Arizona,2,8,16,68.0,0
2015,904,330,500,North Carolina St.,8,16,16,65.0,508,Louisville,4,8,16,75.0,0
2015,902,328,493,Oklahoma,3,16,16,58.0,504,Michigan St.,7,4,16,62.0,0
2015,900,326,522,Duke,1,1,16,63.0,478,Utah,5,16,16,57.0,1
2015,898,324,479,UCLA,11,16,16,62.0,517,Gonzaga,2,8,16,74.0,0
2015,896,154,510,Kentucky,1,4,8,68.0,495,Notre Dame,3,8,8,66.0,1
2015,894,152,471,Wisconsin,1,2,8,85.0,534,Arizona,2,8,8,78.0,1
2015,892,150,508,Louisville,4,8,8,70.0,504,Michigan St.,7,4,8,76.0,0
2015,890,148,522,Duke,1,1,8,66.0,517,Gonzaga,2,8,8,52.0,1
2015,888,62,510,Kentucky,1,4,4,64.0,471,Wisconsin,1,2,4,71.0,0
2015,886,60,504,Michigan St.,7,4,4,61.0,522,Duke,1,1,4,81.0,0
2015,884,16,471,Wisconsin,1,2,2,63.0,522,Duke,1,1,2,68.0,0
2014,882,1378,451,Florida,1,4,64,67.0,467,Albany,16,64,64,55.0,1
2014,880,1376,458,Colorado,8,64,64,48.0,421,Pittsburgh,9,32,64,77.0,0
2014,878,1374,408,VCU,5,64,64,75.0,415,Stephen F. Austin,12,32,64,77.0,0
2014,876,1372,409,UCLA,4,16,64,76.0,410,Tulsa,13,64,64,59.0,1
2014,874,1370,425,Ohio St.,6,64,64,59.0,455,Dayton,11,8,64,60.0,0
2014,872,1368,414,Syracuse,3,32,64,77.0,404,Western Michigan,14,64,64,53.0,1
2014,870,1366,431,New Mexico,7,64,64,53.0,416,Stanford,10,16,64,58.0,0
2014,868,1364,445,Kansas,2,32,64,80.0,452,Eastern Kentucky,15,64,64,69.0,1
2014,866,1362,406,Virginia,1,16,64,70.0,459,Coastal Carolina,16,64,64,59.0,1
2014,864,1360,438,Memphis,8,32,64,71.0,450,George Washington,9,64,64,66.0,1
2014,862,1358,460,Cincinnati,5,64,64,57.0,448,Harvard,12,32,64,61.0,0
2014,860,1356,435,Michigan St.,4,8,64,93.0,454,Delaware,13,64,64,78.0,1
2014,858,1354,429,North Carolina,6,32,64,79.0,420,Providence,11,64,64,77.0,1
2014,856,1352,446,Iowa St.,3,16,64,93.0,428,North Carolina Central,14,64,64,75.0,1
2014,854,1350,457,Connecticut,7,1,64,89.0,419,Saint Joseph's,10,64,64,81.0,1
2014,852,1348,407,Villanova,2,32,64,73.0,434,Milwaukee,15,64,64,53.0,1
2014,850,1346,465,Arizona,1,8,64,68.0,405,Weber St.,16,64,64,59.0,1
2014,848,1344,449,Gonzaga,8,32,64,85.0,423,Oklahoma St.,9,64,64,77.0,1
2014,846,1342,424,Oklahoma,5,64,64,75.0,426,North Dakota St.,12,32,64,80.0,0
2014,844,1340,417,San Diego St.,4,16,64,73.0,430,New Mexico St.,13,64,64,69.0,1
2014,842,1338,463,Baylor,6,16,64,74.0,432,Nebraska,11,64,64,60.0,1
2014,840,1336,456,Creighton,3,32,64,76.0,442,Louisiana Lafayette,14,64,64,66.0,1
2014,838,1334,422,Oregon,7,32,64,87.0,462,BYU,10,64,64,68.0,1
2014,836,1332,402,Wisconsin,2,4,64,75.0,466,American,15,64,64,35.0,1
2014,834,1330,403,Wichita St.,1,32,64,64.0,461,Cal Poly,16,64,64,37.0,1
2014,832,1328,443,Kentucky,8,2,64,56.0,444,Kansas St.,9,64,64,49.0,1
2014,830,1326,418,Saint Louis,5,32,64,83.0,427,North Carolina St.,12,64,64,80.0,1
2014,828,1324,441,Louisville,4,16,64,71.0,440,Manhattan,13,64,64,64.0,1
2014,826,1322,439,Massachusetts,6,64,64,67.0,413,Tennessee,11,16,64,86.0,0
2014,824,1320,453,Duke,3,64,64,71.0,437,Mercer,14,32,64,78.0,0
2014,822,1318,412,Texas,7,32,64,87.0,464,Arizona St.,10,64,64,85.0,1
2014,820,1316,436,Michigan,2,8,64,57.0,401,Wofford,15,64,64,40.0,1
2014,818,674,451,Florida,1,4,32,61.0,421,Pittsburgh,9,32,32,45.0,1
2014,816,672,415,Stephen F. Austin,12,32,32,60.0,409,UCLA,4,16,32,77.0,0
2014,814,670,455,Dayton,11,8,32,55.0,414,Syracuse,3,32,32,53.0,1
2014,812,668,416,Stanford,10,16,32,60.0,445,Kansas,2,32,32,57.0,1
2014,810,666,406,Virginia,1,16,32,78.0,438,Memphis,8,32,32,60.0,1
2014,808,664,448,Harvard,12,32,32,73.0,435,Michigan St.,4,8,32,80.0,0
2014,806,662,429,North Carolina,6,32,32,83.0,446,Iowa St.,3,16,32,85.0,0
2014,804,660,457,Connecticut,7,1,32,77.0,407,Villanova,2,32,32,65.0,1
2014,802,658,465,Arizona,1,8,32,84.0,449,Gonzaga,8,32,32,61.0,1
2014,800,656,426,North Dakota St.,12,32,32,44.0,417,San Diego St.,4,16,32,63.0,0
2014,798,654,463,Baylor,6,16,32,85.0,456,Creighton,3,32,32,55.0,1
2014,796,652,422,Oregon,7,32,32,77.0,402,Wisconsin,2,4,32,85.0,0
2014,794,650,403,Wichita St.,1,32,32,76.0,443,Kentucky,8,2,32,78.0,0
2014,792,648,418,Saint Louis,5,32,32,51.0,441,Louisville,4,16,32,66.0,0
2014,790,646,413,Tennessee,11,16,32,83.0,437,Mercer,14,32,32,63.0,1
2014,788,644,412,Texas,7,32,32,65.0,436,Michigan,2,8,32,79.0,0
2014,786,322,451,Florida,1,4,16,79.0,409,UCLA,4,16,16,68.0,1
2014,784,320,455,Dayton,11,8,16,82.0,416,Stanford,10,16,16,72.0,1
2014,782,318,406,Virginia,1,16,16,59.0,435,Michigan St.,4,8,16,61.0,0
2014,780,316,446,Iowa St.,3,16,16,76.0,457,Connecticut,7,1,16,81.0,0
2014,778,314,465,Arizona,1,8,16,70.0,417,San Diego St.,4,16,16,64.0,1
2014,776,312,463,Baylor,6,16,16,52.0,402,Wisconsin,2,4,16,69.0,0
2014,774,310,443,Kentucky,8,2,16,74.0,441,Louisville,4,16,16,69.0,1
2014,772,308,413,Tennessee,11,16,16,71.0,436,Michigan,2,8,16,73.0,0
2014,770,146,451,Florida,1,4,8,62.0,455,Dayton,11,8,8,52.0,1
2014,768,144,435,Michigan St.,4,8,8,54.0,457,Connecticut,7,1,8,60.0,0
2014,766,142,465,Arizona,1,8,8,63.0,402,Wisconsin,2,4,8,64.0,0
2014,764,140,443,Kentucky,8,2,8,75.0,436,Michigan,2,8,8,72.0,1
2014,762,58,451,Florida,1,4,4,53.0,457,Connecticut,7,1,4,63.0,0
2014,760,56,402,Wisconsin,2,4,4,73.0,443,Kentucky,8,2,4,74.0,0
2014,758,14,457,Connecticut,7,1,2,60.0,443,Kentucky,8,2,2,54.0,1
2013,756,1314,370,Louisville,1,1,64,79.0,356,North Carolina A&T,16,64,64,48.0,1
2013,754,1312,389,Colorado St.,8,32,64,84.0,361,Missouri,9,64,64,72.0,1
2013,752,1310,350,Oklahoma St.,5,64,64,55.0,349,Oregon,12,16,64,68.0,0
2013,750,1308,346,Saint Louis,4,32,64,64.0,358,New Mexico St.,13,64,64,44.0,1
2013,748,1306,368,Memphis,6,32,64,54.0,345,Saint Mary's,11,64,64,52.0,1
2013,746,1304,365,Michigan St.,3,16,64,65.0,337,Valparaiso,14,64,64,54.0,1
2013,744,1302,388,Creighton,7,32,64,67.0,391,Cincinnati,10,64,64,63.0,1
2013,742,1300,386,Duke,2,8,64,73.0,398,Albany,15,64,64,61.0,1
2013,740,1298,382,Gonzaga,1,32,64,64.0,342,Southern,16,64,64,58.0,1
2013,738,1296,347,Pittsburgh,8,64,64,55.0,333,Wichita St.,9,4,64,73.0,0
2013,736,1294,332,Wisconsin,5,64,64,46.0,362,Mississippi,12,32,64,57.0,0
2013,734,1292,374,Kansas St.,4,64,64,61.0,373,La Salle,13,16,64,63.0,0
2013,732,1290,397,Arizona,6,16,64,81.0,396,Belmont,11,64,64,64.0,1
2013,730,1288,359,New Mexico,3,64,64,62.0,381,Harvard,14,32,64,68.0,0
2013,728,1286,353,Notre Dame,7,64,64,58.0,377,Iowa St.,10,32,64,76.0,0
2013,726,1284,352,Ohio St.,2,8,64,95.0,378,Iona,15,64,64,70.0,1
2013,724,1282,375,Kansas,1,16,64,64.0,334,Western Kentucky,16,64,64,57.0,1
2013,722,1280,357,North Carolina,8,32,64,78.0,335,Villanova,9,64,64,71.0,1
2013,720,1278,336,VCU,5,32,64,88.0,399,Akron,12,64,64,42.0,1
2013,718,1276,366,Michigan,4,2,64,71.0,343,South Dakota St.,13,64,64,56.0,1
2013,716,1274,339,UCLA,6,64,64,63.0,363,Minnesota,11,32,64,83.0,0
2013,714,1272,385,Florida,3,8,64,79.0,354,Northwestern St.,14,64,64,47.0,1
2013,712,1270,344,San Diego St.,7,32,64,70.0,351,Oklahoma,10,64,64,55.0,1
2013,710,1268,383,Georgetown,2,64,64,68.0,384,Florida Gulf Coast,15,16,64,78.0,0
2013,708,1266,379,Indiana,1,16,64,83.0,376,James Madison,16,64,64,62.0,1
2013,706,1264,355,North Carolina St.,8,64,64,72.0,340,Temple,9,32,64,76.0,0
2013,704,1262,338,UNLV,5,64,64,61.0,392,California,12,32,64,64.0,0
2013,702,1260,341,Syracuse,4,4,64,81.0,360,Montana,13,64,64,34.0,1
2013,700,1258,393,Butler,6,32,64,68.0,394,Bucknell,11,64,64,56.0,1
2013,698,1256,369,Marquette,3,8,64,59.0,387,Davidson,14,64,64,58.0,1
2013,696,1254,380,Illinois,7,32,64,57.0,390,Colorado,10,64,64,49.0,1
2013,694,1252,367,Miami FL,2,16,64,78.0,348,Pacific,15,64,64,49.0,1
2013,692,642,370,Louisville,1,1,32,82.0,389,Colorado St.,8,32,32,56.0,1
2013,690,640,349,Oregon,12,16,32,74.0,346,Saint Louis,4,32,32,57.0,1
2013,688,638,368,Memphis,6,32,32,48.0,365,Michigan St.,3,16,32,70.0,0
2013,686,636,388,Creighton,7,32,32,50.0,386,Duke,2,8,32,66.0,0
2013,684,634,382,Gonzaga,1,32,32,70.0,333,Wichita St.,9,4,32,76.0,0
2013,682,632,362,Mississippi,12,32,32,74.0,373,La Salle,13,16,32,76.0,0
2013,680,630,397,Arizona,6,16,32,74.0,381,Harvard,14,32,32,51.0,1
2013,678,628,377,Iowa St.,10,32,32,75.0,352,Ohio St.,2,8,32,78.0,0
2013,676,626,375,Kansas,1,16,32,70.0,357,North Carolina,8,32,32,58.0,1
2013,674,624,336,VCU,5,32,32,53.0,366,Michigan,4,2,32,78.0,0
2013,672,622,363,Minnesota,11,32,32,64.0,385,Florida,3,8,32,78.0,0
2013,670,620,344,San Diego St.,7,32,32,71.0,384,Florida Gulf Coast,15,16,32,81.0,0
2013,668,618,379,Indiana,1,16,32,58.0,340,Temple,9,32,32,52.0,1
2013,666,616,392,California,12,32,32,60.0,341,Syracuse,4,4,32,66.0,0
2013,664,614,393,Butler,6,32,32,72.0,369,Marquette,3,8,32,74.0,0
2013,662,612,380,Illinois,7,32,32,59.0,367,Miami FL,2,16,32,63.0,0
2013,660,306,370,Louisville,1,1,16,77.0,349,Oregon,12,16,16,69.0,1
2013,658,304,365,Michigan St.,3,16,16,61.0,386,Duke,2,8,16,71.0,0
2013,656,302,333,Wichita St.,9,4,16,72.0,373,La Salle,13,16,16,58.0,1
2013,654,300,397,Arizona,6,16,16,70.0,352,Ohio St.,2,8,16,73.0,0
2013,652,298,375,Kansas,1,16,16,85.0,366,Michigan,4,2,16,87.0,0
2013,650,296,385,Florida,3,8,16,62.0,384,Florida Gulf Coast,15,16,16,50.0,1
2013,648,294,379,Indiana,1,16,16,50.0,341,Syracuse,4,4,16,61.0,0
2013,646,292,369,Marquette,3,8,16,71.0,367,Miami FL,2,16,16,61.0,1
2013,644,138,370,Louisville,1,1,8,85.0,386,Duke,2,8,8,63.0,1
2013,642,136,333,Wichita St.,9,4,8,70.0,352,Ohio St.,2,8,8,66.0,1
2013,640,134,366,Michigan,4,2,8,79.0,385,Florida,3,8,8,59.0,1
2013,638,132,341,Syracuse,4,4,8,55.0,369,Marquette,3,8,8,39.0,1
2013,636,54,370,Louisville,1,1,4,72.0,333,Wichita St.,9,4,4,68.0,1
2013,634,52,366,Michigan,4,2,4,61.0,341,Syracuse,4,4,4,56.0,1
2013,632,12,370,Louisville,1,1,2,82.0,366,Michigan,4,2,2,76.0,1
2012,630,1250,308,Kentucky,1,1,64,81.0,267,Western Kentucky,16,64,64,66.0,1
2012,628,1248,311,Iowa St.,8,32,64,77.0,323,Connecticut,9,64,64,64.0,1
2012,626,1246,266,Wichita St.,5,64,64,59.0,271,VCU,12,32,64,62.0,0
2012,624,1244,313,Indiana,4,16,64,79.0,292,New Mexico St.,13,64,64,66.0,1
2012,622,1242,273,UNLV,6,64,64,64.0,325,Colorado,11,32,64,68.0,0
2012,620,1240,330,Baylor,3,8,64,68.0,281,South Dakota St.,14,64,64,60.0,1
2012,618,1238,288,Notre Dame,7,64,64,63.0,264,Xavier,10,16,64,67.0,0
2012,616,1236,319,Duke,2,64,64,70.0,306,Lehigh,15,32,64,75.0,0
2012,614,1234,298,Michigan St.,1,16,64,89.0,305,LIU Brooklyn,16,64,64,67.0,1
2012,612,1232,300,Memphis,8,64,64,54.0,284,Saint Louis,9,32,64,61.0,0
2012,610,1230,293,New Mexico,5,32,64,75.0,304,Long Beach St.,12,64,64,68.0,1
2012,608,1228,303,Louisville,4,4,64,69.0,321,Davidson,13,64,64,62.0,1
2012,606,1226,294,Murray St.,6,32,64,58.0,324,Colorado St.,11,64,64,41.0,1
2012,604,1224,301,Marquette,3,16,64,88.0,328,BYU,14,64,64,68.0,1
2012,602,1222,318,Florida,7,8,64,71.0,269,Virginia,10,64,64,45.0,1
2012,600,1220,296,Missouri,2,64,64,84.0,291,Norfolk St.,15,32,64,86.0,0
2012,598,1218,277,Syracuse,1,8,64,72.0,274,UNC Asheville,16,64,64,65.0,1
2012,596,1216,309,Kansas St.,8,32,64,70.0,279,Southern Miss,9,64,64,64.0,1
2012,594,1214,272,Vanderbilt,5,32,64,79.0,314,Harvard,12,64,64,70.0,1
2012,592,1212,265,Wisconsin,4,16,64,73.0,295,Montana,13,64,64,49.0,1
2012,590,1210,326,Cincinnati,6,16,64,65.0,275,Texas,11,64,64,59.0,1
2012,588,1208,317,Florida St.,3,32,64,66.0,278,St. Bonaventure,14,64,64,63.0,1
2012,586,1206,315,Gonzaga,7,32,64,77.0,268,West Virginia,10,64,64,54.0,1
2012,584,1204,286,Ohio St.,2,4,64,78.0,302,Loyola MD,15,64,64,59.0,1
2012,582,1202,290,North Carolina,1,8,64,77.0,270,Vermont,16,64,64,58.0,1
2012,580,1200,322,Creighton,8,32,64,58.0,331,Alabama,9,64,64,57.0,1
2012,578,1198,276,Temple,5,64,64,44.0,280,South Florida,12,32,64,58.0,0
2012,576,1196,299,Michigan,4,64,64,60.0,287,Ohio,13,16,64,65.0,0
2012,574,1194,282,San Diego St.,6,64,64,65.0,289,North Carolina St.,11,16,64,79.0,0
2012,572,1192,316,Georgetown,3,32,64,74.0,329,Belmont,14,64,64,59.0,1
2012,570,1190,283,Saint Mary's,7,64,64,69.0,285,Purdue,10,32,64,72.0,0
2012,568,1188,310,Kansas,2,2,64,65.0,320,Detroit,15,64,64,50.0,1
2012,566,610,308,Kentucky,1,1,32,87.0,311,Iowa St.,8,32,32,71.0,1
2012,564,608,271,VCU,12,32,32,61.0,313,Indiana,4,16,32,63.0,0
2012,562,606,325,Colorado,11,32,32,63.0,330,Baylor,3,8,32,80.0,0
2012,560,604,264,Xavier,10,16,32,70.0,306,Lehigh,15,32,32,58.0,1
2012,558,602,298,Michigan St.,1,16,32,65.0,284,Saint Louis,9,32,32,61.0,1
2012,556,600,293,New Mexico,5,32,32,56.0,303,Louisville,4,4,32,59.0,0
2012,554,598,294,Murray St.,6,32,32,53.0,301,Marquette,3,16,32,62.0,0
2012,552,596,318,Florida,7,8,32,84.0,291,Norfolk St.,15,32,32,50.0,1
2012,550,594,277,Syracuse,1,8,32,75.0,309,Kansas St.,8,32,32,59.0,1
2012,548,592,272,Vanderbilt,5,32,32,57.0,265,Wisconsin,4,16,32,60.0,0
2012,546,590,326,Cincinnati,6,16,32,62.0,317,Florida St.,3,32,32,56.0,1
2012,544,588,315,Gonzaga,7,32,32,66.0,286,Ohio St.,2,4,32,73.0,0
2012,542,586,290,North Carolina,1,8,32,87.0,322,Creighton,8,32,32,73.0,1
2012,540,584,280,South Florida,12,32,32,56.0,287,Ohio,13,16,32,62.0,0
2012,538,582,289,North Carolina St.,11,16,32,66.0,316,Georgetown,3,32,32,63.0,1
2012,536,580,285,Purdue,10,32,32,60.0,310,Kansas,2,2,32,63.0,0
2012,534,290,308,Kentucky,1,1,16,102.0,313,Indiana,4,16,16,90.0,1
2012,532,288,330,Baylor,3,8,16,75.0,264,Xavier,10,16,16,70.0,1
2012,530,286,298,Michigan St.,1,16,16,44.0,303,Louisville,4,4,16,57.0,0
2012,528,284,301,Marquette,3,16,16,58.0,318,Florida,7,8,16,68.0,0
2012,526,282,277,Syracuse,1,8,16,64.0,265,Wisconsin,4,16,16,63.0,1
2012,524,280,326,Cincinnati,6,16,16,66.0,286,Ohio St.,2,4,16,81.0,0
2012,522,278,290,North Carolina,1,8,16,73.0,287,Ohio,13,16,16,65.0,1
2012,520,276,289,North Carolina St.,11,16,16,57.0,310,Kansas,2,2,16,60.0,0
2012,518,130,308,Kentucky,1,1,8,82.0,330,Baylor,3,8,8,70.0,1
2012,516,128,303,Louisville,4,4,8,72.0,318,Florida,7,8,8,68.0,1
2012,514,126,277,Syracuse,1,8,8,70.0,286,Ohio St.,2,4,8,77.0,0
2012,512,124,290,North Carolina,1,8,8,67.0,310,Kansas,2,2,8,80.0,0
2012,510,50,308,Kentucky,1,1,4,69.0,303,Louisville,4,4,4,61.0,1
2012,508,48,286,Ohio St.,2,4,4,62.0,310,Kansas,2,2,4,64.0,0
2012,506,10,308,Kentucky,1,1,2,67.0,310,Kansas,2,2,2,59.0,1
2011,504,1186,226,Ohio St.,1,16,64,75.0,204,UTSA,16,64,64,46.0,1
2011,502,1184,249,George Mason,8,32,64,61.0,201,Villanova,9,64,64,57.0,1
2011,500,1182,199,West Virginia,5,32,64,84.0,254,Clemson,12,64,64,76.0,1
2011,498,1180,240,Kentucky,4,4,64,59.0,222,Princeton,13,64,64,57.0,1
2011,496,1178,196,Xavier,6,64,64,55.0,236,Marquette,11,16,64,66.0,0
2011,494,1176,216,Syracuse,3,32,64,77.0,243,Indiana St.,14,64,64,60.0,1
2011,492,1174,200,Washington,7,32,64,68.0,247,Georgia,10,64,64,65.0,1
2011,490,1172,230,North Carolina,2,8,64,102.0,238,LIU Brooklyn,15,64,64,87.0,1
2011,488,1170,252,Duke,1,16,64,87.0,245,Hampton,16,64,64,45.0,1
2011,486,1168,234,Michigan,8,32,64,75.0,214,Tennessee,9,64,64,45.0,1
2011,484,1166,261,Arizona,5,8,64,77.0,235,Memphis,12,64,64,75.0,1
2011,482,1164,213,Texas,4,32,64,85.0,227,Oakland,13,64,64,81.0,1
2011,480,1162,255,Cincinnati,6,32,64,78.0,232,Missouri,11,64,64,63.0,1
2011,478,1160,253,Connecticut,3,1,64,81.0,258,Bucknell,14,64,64,52.0,1
2011,476,1158,215,Temple,7,32,64,66.0,224,Penn St.,10,64,64,64.0,1
2011,474,1156,218,San Diego St.,2,16,64,68.0,229,Northern Colorado,15,64,64,50.0,1
2011,472,1154,242,Kansas,1,8,64,72.0,259,Boston University,16,64,64,53.0,1
2011,470,1152,207,UNLV,8,64,64,62.0,244,Illinois,9,32,64,73.0,0
2011,468,1150,203,Vanderbilt,5,64,64,66.0,220,Richmond,12,16,64,69.0,0
2011,466,1148,237,Louisville,4,64,64,61.0,231,Morehead St.,13,32,64,62.0,0
2011,464,1146,248,Georgetown,6,64,64,56.0,202,VCU,11,4,64,74.0,0
2011,462,1144,221,Purdue,3,32,64,65.0,219,Saint Peter's,14,64,64,43.0,1
2011,460,1142,212,Texas A&M,7,64,64,50.0,250,Florida St.,10,16,64,57.0,0
2011,458,1140,228,Notre Dame,2,32,64,69.0,263,Akron,15,64,64,56.0,1
2011,456,1138,223,Pittsburgh,1,32,64,74.0,208,UNC Asheville,16,64,64,51.0,1
2011,454,1136,257,Butler,8,2,64,60.0,225,Old Dominion,9,64,64,58.0,1
2011,452,1134,241,Kansas St.,5,32,64,73.0,205,Utah St.,12,64,64,68.0,1
2011,450,1132,198,Wisconsin,4,16,64,72.0,260,Belmont,13,64,64,58.0,1
2011,448,1130,217,St. John's,6,64,64,71.0,246,Gonzaga,11,32,64,86.0,0
2011,446,1128,256,BYU,3,16,64,74.0,197,Wofford,14,64,64,66.0,1
2011,444,1126,209,UCLA,7,32,64,78.0,233,Michigan St.,10,64,64,76.0,1
2011,442,1124,251,Florida,2,8,64,79.0,210,UC Santa Barbara,15,64,64,51.0,1
2011,440,578,226,Ohio St.,1,16,32,98.0,249,George Mason,8,32,32,66.0,1
2011,438,576,199,West Virginia,5,32,32,63.0,240,Kentucky,4,4,32,71.0,0
2011,436,574,236,Marquette,11,16,32,66.0,216,Syracuse,3,32,32,62.0,1
2011,434,572,200,Washington,7,32,32,83.0,230,North Carolina,2,8,32,86.0,0
2011,432,570,252,Duke,1,16,32,73.0,234,Michigan,8,32,32,71.0,1
2011,430,568,261,Arizona,5,8,32,70.0,213,Texas,4,32,32,69.0,1
2011,428,566,255,Cincinnati,6,32,32,58.0,253,Connecticut,3,1,32,69.0,0
2011,426,564,215,Temple,7,32,32,64.0,218,San Diego St.,2,16,32,71.0,0
2011,424,562,242,Kansas,1,8,32,73.0,244,Illinois,9,32,32,59.0,1
2011,422,560,220,Richmond,12,16,32,65.0,231,Morehead St.,13,32,32,48.0,1
2011,420,558,202,VCU,11,4,32,94.0,221,Purdue,3,32,32,76.0,1
2011,418,556,250,Florida St.,10,16,32,71.0,228,Notre Dame,2,32,32,57.0,1
2011,416,554,223,Pittsburgh,1,32,32,70.0,257,Butler,8,2,32,71.0,0
2011,414,552,241,Kansas St.,5,32,32,65.0,198,Wisconsin,4,16,32,70.0,0
2011,412,550,246,Gonzaga,11,32,32,67.0,256,BYU,3,16,32,89.0,0
2011,410,548,209,UCLA,7,32,32,65.0,251,Florida,2,8,32,73.0,0
2011,408,274,226,Ohio St.,1,16,16,60.0,240,Kentucky,4,4,16,62.0,0
2011,406,272,236,Marquette,11,16,16,63.0,230,North Carolina,2,8,16,81.0,0
2011,404,270,252,Duke,1,16,16,77.0,261,Arizona,5,8,16,93.0,0
2011,402,268,253,Connecticut,3,1,16,74.0,218,San Diego St.,2,16,16,67.0,1
2011,400,266,242,Kansas,1,8,16,77.0,220,Richmond,12,16,16,57.0,1
2011,398,264,202,VCU,11,4,16,72.0,250,Florida St.,10,16,16,71.0,1
2011,396,262,257,Butler,8,2,16,61.0,198,Wisconsin,4,16,16,54.0,1
2011,394,260,256,BYU,3,16,16,74.0,251,Florida,2,8,16,83.0,0
2011,392,122,240,Kentucky,4,4,8,76.0,230,North Carolina,2,8,8,69.0,1
2011,390,120,261,Arizona,5,8,8,63.0,253,Connecticut,3,1,8,65.0,0
2011,388,118,242,Kansas,1,8,8,61.0,202,VCU,11,4,8,71.0,0
2011,386,116,257,Butler,8,2,8,74.0,251,Florida,2,8,8,71.0,1
2011,384,46,240,Kentucky,4,4,4,55.0,253,Connecticut,3,1,4,56.0,0
2011,382,44,202,VCU,11,4,4,62.0,257,Butler,8,2,4,70.0,0
2011,380,8,253,Connecticut,3,1,2,53.0,257,Butler,8,2,2,41.0,1
2010,378,1122,180,Kansas,1,32,64,90.0,177,Lehigh,16,64,64,74.0,1
2010,376,1120,143,UNLV,8,64,64,66.0,164,Northern Iowa,9,16,64,69.0,0
2010,374,1118,173,Michigan St.,5,4,64,70.0,166,New Mexico St.,12,64,64,67.0,1
2010,372,1116,174,Maryland,4,32,64,89.0,181,Houston,13,64,64,77.0,1
2010,370,1114,147,Tennessee,6,8,64,62.0,151,San Diego St.,11,64,64,59.0,1
2010,368,1112,184,Georgetown,3,64,64,83.0,161,Ohio,14,32,64,97.0,0
2010,366,1110,159,Oklahoma St.,7,64,64,59.0,183,Georgia Tech,10,32,64,64.0,0
2010,364,1108,160,Ohio St.,2,16,64,68.0,144,UC Santa Barbara,15,64,64,51.0,1
2010,362,1106,149,Syracuse,1,16,64,79.0,139,Vermont,16,64,64,56.0,1
2010,360,1104,182,Gonzaga,8,32,64,67.0,185,Florida St.,9,64,64,60.0,1
2010,358,1102,193,Butler,5,2,64,77.0,141,UTEP,12,64,64,59.0,1
2010,356,1100,140,Vanderbilt,4,64,64,65.0,168,Murray St.,13,32,64,66.0,0
2010,354,1098,131,Xavier,6,16,64,65.0,172,Minnesota,11,64,64,54.0,1
2010,352,1096,157,Pittsburgh,3,32,64,89.0,162,Oakland,14,64,64,66.0,1
2010,350,1094,192,BYU,7,32,64,99.0,186,Florida,10,64,64,92.0,1
2010,348,1092,179,Kansas St.,2,8,64,82.0,165,North Texas,15,64,64,62.0,1
2010,346,1090,178,Kentucky,1,8,64,100.0,187,East Tennessee St.,16,64,64,71.0,1
2010,344,1088,146,Texas,8,64,64,80.0,137,Wake Forest,9,32,64,81.0,0
2010,342,1086,148,Temple,5,64,64,65.0,189,Cornell,12,16,64,78.0,0
2010,340,1084,133,Wisconsin,4,32,64,53.0,132,Wofford,13,64,64,49.0,1
2010,338,1082,175,Marquette,6,64,64,78.0,136,Washington,11,16,64,80.0,0
2010,336,1080,167,New Mexico,3,32,64,62.0,170,Montana,14,64,64,57.0,1
2010,334,1078,190,Clemson,7,64,64,78.0,171,Missouri,10,32,64,86.0,0
2010,332,1076,135,West Virginia,2,4,64,77.0,169,Morgan St.,15,64,64,50.0,1
2010,330,1074,188,Duke,1,1,64,73.0,195,Arkansas Pine Bluff,16,64,64,44.0,1
2010,328,1072,191,California,8,32,64,77.0,176,Louisville,9,64,64,62.0,1
2010,326,1070,145,Texas A&M,5,32,64,69.0,142,Utah St.,12,64,64,53.0,1
2010,324,1068,156,Purdue,4,16,64,72.0,150,Siena,13,64,64,64.0,1
2010,322,1066,163,Notre Dame,6,64,64,50.0,158,Old Dominion,11,32,64,51.0,0
2010,320,1064,194,Baylor,3,8,64,68.0,152,Sam Houston St.,14,64,64,59.0,1
2010,318,1062,155,Richmond,7,64,64,71.0,153,Saint Mary's,10,16,64,80.0,0
2010,316,1060,138,Villanova,2,32,64,73.0,154,Robert Morris,15,64,64,70.0,1
2010,314,546,180,Kansas,1,32,32,67.0,164,Northern Iowa,9,16,32,69.0,0
2010,312,544,173,Michigan St.,5,4,32,85.0,174,Maryland,4,32,32,83.0,1
2010,310,542,147,Tennessee,6,8,32,83.0,161,Ohio,14,32,32,68.0,1
2010,308,540,183,Georgia Tech,10,32,32,66.0,160,Ohio St.,2,16,32,75.0,0
2010,306,538,149,Syracuse,1,16,32,87.0,182,Gonzaga,8,32,32,65.0,1
2010,304,536,193,Butler,5,2,32,54.0,168,Murray St.,13,32,32,52.0,1
2010,302,534,131,Xavier,6,16,32,71.0,157,Pittsburgh,3,32,32,68.0,1
2010,300,532,192,BYU,7,32,32,72.0,179,Kansas St.,2,8,32,84.0,0
2010,298,530,178,Kentucky,1,8,32,90.0,137,Wake Forest,9,32,32,60.0,1
2010,296,528,189,Cornell,12,16,32,87.0,133,Wisconsin,4,32,32,69.0,1
2010,294,526,136,Washington,11,16,32,82.0,167,New Mexico,3,32,32,64.0,1
2010,292,524,171,Missouri,10,32,32,59.0,135,West Virginia,2,4,32,68.0,0
2010,290,522,188,Duke,1,1,32,68.0,191,California,8,32,32,53.0,1
2010,288,520,145,Texas A&M,5,32,32,61.0,156,Purdue,4,16,32,63.0,0
2010,286,518,158,Old Dominion,11,32,32,68.0,194,Baylor,3,8,32,76.0,0
2010,284,516,153,Saint Mary's,10,16,32,75.0,138,Villanova,2,32,32,68.0,1
2010,282,258,164,Northern Iowa,9,16,16,52.0,173,Michigan St.,5,4,16,59.0,0
2010,280,256,147,Tennessee,6,8,16,76.0,160,Ohio St.,2,16,16,73.0,1
2010,278,254,149,Syracuse,1,16,16,59.0,193,Butler,5,2,16,63.0,0
2010,276,252,131,Xavier,6,16,16,96.0,179,Kansas St.,2,8,16,101.0,0
2010,274,250,178,Kentucky,1,8,16,62.0,189,Cornell,12,16,16,45.0,1
2010,272,248,136,Washington,11,16,16,56.0,135,West Virginia,2,4,16,69.0,0
2010,270,246,188,Duke,1,1,16,70.0,156,Purdue,4,16,16,57.0,1
2010,268,244,194,Baylor,3,8,16,72.0,153,Saint Mary's,10,16,16,49.0,1
2010,266,114,173,Michigan St.,5,4,8,70.0,147,Tennessee,6,8,8,69.0,1
2010,264,112,193,Butler,5,2,8,63.0,179,Kansas St.,2,8,8,56.0,1
2010,262,110,178,Kentucky,1,8,8,66.0,135,West Virginia,2,4,8,73.0,0
2010,260,108,188,Duke,1,1,8,78.0,194,Baylor,3,8,8,71.0,1
2010,258,42,173,Michigan St.,5,4,4,50.0,193,Butler,5,2,4,52.0,0
2010,256,40,135,West Virginia,2,4,4,57.0,188,Duke,1,1,4,78.0,0
2010,254,6,193,Butler,5,2,2,59.0,188,Duke,1,1,2,61.0,0
2009,252,1058,107,Louisville,1,8,64,74.0,97,Morehead St.,16,64,64,54.0,1
2009,250,1056,92,Ohio St.,8,64,64,72.0,84,Siena,9,32,64,74.0,0
2009,248,1054,75,Utah,5,64,64,71.0,127,Arizona,12,16,64,84.0,0
2009,246,1052,71,Wake Forest,4,64,64,69.0,117,Cleveland St.,13,32,64,84.0,0
2009,244,1050,69,West Virginia,6,64,64,60.0,114,Dayton,11,32,64,68.0,0
2009,242,1048,108,Kansas,3,16,64,84.0,94,North Dakota St.,14,64,64,74.0,1
2009,240,1046,124,Boston College,7,64,64,55.0,76,USC,10,32,64,72.0,0
2009,238,1044,101,Michigan St.,2,2,64,77.0,85,Robert Morris,15,64,64,62.0,1
2009,236,1042,116,Connecticut,1,4,64,103.0,119,Chattanooga,16,64,64,47.0,1
2009,234,1040,122,BYU,8,64,64,66.0,78,Texas A&M,9,32,64,79.0,0
2009,232,1038,87,Purdue,5,16,64,61.0,93,Northern Iowa,12,64,64,56.0,1
2009,230,1036,70,Washington,4,32,64,71.0,99,Mississippi St.,13,64,64,58.0,1
2009,228,1034,105,Marquette,6,32,64,58.0,74,Utah St.,11,64,64,57.0,1
2009,226,1032,98,Missouri,3,8,64,78.0,115,Cornell,14,64,64,59.0,1
2009,224,1030,120,California,7,64,64,71.0,104,Maryland,10,32,64,84.0,0
2009,222,1028,103,Memphis,2,16,64,81.0,121,Cal St. Northridge,15,64,64,70.0,1
2009,220,1026,89,Pittsburgh,1,8,64,72.0,112,East Tennessee St.,16,64,64,62.0,1
2009,218,1024,90,Oklahoma St.,8,32,64,77.0,80,Tennessee,9,64,64,75.0,1
2009,216,1022,111,Florida St.,5,64,64,59.0,67,Wisconsin,12,32,64,61.0,0
2009,214,1020,66,Xavier,4,16,64,77.0,88,Portland St.,13,64,64,59.0,1
2009,212,1018,77,UCLA,6,32,64,65.0,73,VCU,11,64,64,64.0,1
2009,210,1016,72,Villanova,3,4,64,80.0,128,American,14,64,64,67.0,1
2009,208,1014,79,Texas,7,32,64,76.0,100,Minnesota,10,64,64,62.0,1
2009,206,1012,113,Duke,2,16,64,86.0,125,Binghamton,15,64,64,62.0,1
2009,204,1010,95,North Carolina,1,1,64,101.0,86,Radford,16,64,64,58.0,1
2009,202,1008,106,LSU,8,32,64,75.0,123,Butler,9,64,64,71.0,1
2009,200,1006,109,Illinois,5,64,64,72.0,68,Western Kentucky,12,32,64,76.0,0
2009,198,1004,110,Gonzaga,4,16,64,77.0,130,Akron,13,64,64,64.0,1
2009,196,1002,126,Arizona St.,6,32,64,66.0,81,Temple,11,64,64,57.0,1
2009,194,1000,82,Syracuse,3,16,64,59.0,83,Stephen F. Austin,14,64,64,44.0,1
2009,192,998,118,Clemson,7,64,64,59.0,102,Michigan,10,32,64,62.0,0
2009,190,996,91,Oklahoma,2,8,64,82.0,96,Morgan St.,15,64,64,54.0,1
2009,188,514,107,Louisville,1,8,32,79.0,84,Siena,9,32,32,72.0,1
2009,186,512,127,Arizona,12,16,32,71.0,117,Cleveland St.,13,32,32,57.0,1
2009,184,510,114,Dayton,11,32,32,43.0,108,Kansas,3,16,32,60.0,0
2009,182,508,76,USC,10,32,32,69.0,101,Michigan St.,2,2,32,74.0,0
2009,180,506,116,Connecticut,1,4,32,92.0,78,Texas A&M,9,32,32,66.0,1
2009,178,504,87,Purdue,5,16,32,76.0,70,Washington,4,32,32,74.0,1
2009,176,502,105,Marquette,6,32,32,79.0,98,Missouri,3,8,32,83.0,0
2009,174,500,104,Maryland,10,32,32,70.0,103,Memphis,2,16,32,89.0,0
2009,172,498,89,Pittsburgh,1,8,32,84.0,90,Oklahoma St.,8,32,32,76.0,1
2009,170,496,67,Wisconsin,12,32,32,49.0,66,Xavier,4,16,32,60.0,0
2009,168,494,77,UCLA,6,32,32,69.0,72,Villanova,3,4,32,89.0,0
2009,166,492,79,Texas,7,32,32,69.0,113,Duke,2,16,32,74.0,0
2009,164,490,95,North Carolina,1,1,32,84.0,106,LSU,8,32,32,70.0,1
2009,162,488,68,Western Kentucky,12,32,32,81.0,110,Gonzaga,4,16,32,83.0,0
2009,160,486,126,Arizona St.,6,32,32,67.0,82,Syracuse,3,16,32,78.0,0
2009,158,484,102,Michigan,10,32,32,63.0,91,Oklahoma,2,8,32,73.0,0
2009,156,242,107,Louisville,1,8,16,103.0,127,Arizona,12,16,16,64.0,1
2009,154,240,108,Kansas,3,16,16,62.0,101,Michigan St.,2,2,16,67.0,0
2009,152,238,116,Connecticut,1,4,16,72.0,87,Purdue,5,16,16,60.0,1
2009,150,236,98,Missouri,3,8,16,102.0,103,Memphis,2,16,16,91.0,1
2009,148,234,89,Pittsburgh,1,8,16,60.0,66,Xavier,4,16,16,55.0,1
2009,146,232,72,Villanova,3,4,16,77.0,113,Duke,2,16,16,54.0,1
2009,144,230,95,North Carolina,1,1,16,98.0,110,Gonzaga,4,16,16,77.0,1
2009,142,228,82,Syracuse,3,16,16,71.0,91,Oklahoma,2,8,16,84.0,0
2009,140,106,107,Louisville,1,8,8,52.0,101,Michigan St.,2,2,8,64.0,0
2009,138,104,116,Connecticut,1,4,8,82.0,98,Missouri,3,8,8,75.0,1
2009,136,102,89,Pittsburgh,1,8,8,76.0,72,Villanova,3,4,8,78.0,0
2009,134,100,95,North Carolina,1,1,8,72.0,91,Oklahoma,2,8,8,60.0,1
2009,132,38,101,Michigan St.,2,2,4,82.0,116,Connecticut,1,4,4,73.0,1
2009,130,36,72,Villanova,3,4,4,69.0,95,North Carolina,1,1,4,83.0,0
2009,128,4,101,Michigan St.,2,2,2,72.0,95,North Carolina,1,1,2,89.0,0
2008,126,994,31,North Carolina,1,4,64,113.0,32,Mount St. Mary's,16,64,64,74.0,1
2008,124,992,44,Indiana,8,64,64,72.0,63,Arkansas,9,32,64,86.0,0
2008,122,990,30,Notre Dame,5,32,64,68.0,48,George Mason,12,64,64,50.0,1
2008,120,988,6,Washington St.,4,16,64,71.0,3,Winthrop,13,64,64,40.0,1
2008,118,986,29,Oklahoma,6,32,64,72.0,23,Saint Joseph's,11,64,64,64.0,1
2008,116,984,39,Louisville,3,8,64,79.0,59,Boise St.,14,64,64,61.0,1
2008,114,982,58,Butler,7,32,64,81.0,19,South Alabama,10,64,64,61.0,1
2008,112,980,16,Tennessee,2,16,64,72.0,65,American,15,64,64,57.0,1
2008,110,978,43,Kansas,1,1,64,85.0,25,Portland St.,16,64,64,61.0,1
2008,108,976,11,UNLV,8,32,64,71.0,41,Kent St.,9,64,64,58.0,1
2008,106,974,55,Clemson,5,64,64,69.0,7,Villanova,12,16,64,75.0,0
2008,104,972,8,Vanderbilt,4,64,64,62.0,20,Siena,13,32,64,83.0,0
2008,102,970,10,USC,6,64,64,67.0,42,Kansas St.,11,32,64,80.0,0
2008,100,968,2,Wisconsin,3,16,64,71.0,56,Cal St. Fullerton,14,64,64,56.0,1
2008,98,966,45,Gonzaga,7,64,64,76.0,51,Davidson,10,8,64,82.0,0
2008,96,964,47,Georgetown,2,32,64,66.0,12,UMBC,15,64,64,47.0,1
2008,94,962,37,Memphis,1,2,64,87.0,9,UT Arlington,16,64,64,63.0,1
2008,92,960,34,Mississippi St.,8,32,64,76.0,27,Oregon,9,64,64,69.0,1
2008,90,958,35,Michigan St.,5,16,64,72.0,17,Temple,12,64,64,61.0,1
2008,88,956,26,Pittsburgh,4,32,64,82.0,28,Oral Roberts,13,64,64,63.0,1
2008,86,954,38,Marquette,6,32,64,74.0,40,Kentucky,11,64,64,66.0,1
2008,84,952,18,Stanford,3,16,64,77.0,52,Cornell,14,64,64,53.0,1
2008,82,950,36,Miami FL,7,32,64,78.0,22,Saint Mary's,10,64,64,64.0,1
2008,80,948,15,Texas,2,8,64,74.0,62,Austin Peay,15,64,64,54.0,1
2008,78,946,13,UCLA,1,4,64,70.0,33,Mississippi Valley St.,16,64,64,29.0,1
2008,76,944,57,BYU,8,64,64,62.0,14,Texas A&M,9,32,64,67.0,0
2008,74,942,50,Drake,5,64,64,99.0,4,Western Kentucky,12,16,64,101.0,0
2008,72,940,54,Connecticut,4,64,64,69.0,21,San Diego,13,32,64,70.0,0
2008,70,938,24,Purdue,6,32,64,90.0,61,Baylor,11,64,64,79.0,1
2008,68,936,1,Xavier,3,8,64,73.0,46,Georgia,14,64,64,61.0,1
2008,66,934,5,West Virginia,7,16,64,75.0,64,Arizona,10,64,64,65.0,1
2008,64,932,49,Duke,2,32,64,71.0,60,Belmont,15,64,64,70.0,1
2008,62,482,31,North Carolina,1,4,32,108.0,63,Arkansas,9,32,32,77.0,1
2008,60,480,30,Notre Dame,5,32,32,41.0,6,Washington St.,4,16,32,61.0,0
2008,58,478,29,Oklahoma,6,32,32,48.0,39,Louisville,3,8,32,78.0,0
2008,56,476,58,Butler,7,32,32,71.0,16,Tennessee,2,16,32,76.0,0
2008,54,474,43,Kansas,1,1,32,75.0,11,UNLV,8,32,32,56.0,1
2008,52,472,7,Villanova,12,16,32,84.0,20,Siena,13,32,32,72.0,1
2008,50,470,42,Kansas St.,11,32,32,55.0,2,Wisconsin,3,16,32,72.0,0
2008,48,468,51,Davidson,10,8,32,74.0,47,Georgetown,2,32,32,70.0,1
2008,46,466,37,Memphis,1,2,32,77.0,34,Mississippi St.,8,32,32,74.0,1
2008,44,464,35,Michigan St.,5,16,32,65.0,26,Pittsburgh,4,32,32,54.0,1
2008,42,462,38,Marquette,6,32,32,81.0,18,Stanford,3,16,32,82.0,0
2008,40,460,36,Miami FL,7,32,32,72.0,15,Texas,2,8,32,75.0,0
2008,38,458,13,UCLA,1,4,32,51.0,14,Texas A&M,9,32,32,49.0,1
2008,36,456,4,Western Kentucky,12,16,32,72.0,21,San Diego,13,32,32,63.0,1
2008,34,454,24,Purdue,6,32,32,78.0,1,Xavier,3,8,32,85.0,0
2008,32,452,5,West Virginia,7,16,32,73.0,49,Duke,2,32,32,67.0,1
2008,30,226,31,North Carolina,1,4,16,68.0,6,Washington St.,4,16,16,47.0,1
2008,28,224,39,Louisville,3,8,16,79.0,16,Tennessee,2,16,16,60.0,1
2008,26,222,43,Kansas,1,1,16,72.0,7,Villanova,12,16,16,57.0,1
2008,24,220,2,Wisconsin,3,16,16,56.0,51,Davidson,10,8,16,73.0,0
2008,22,218,37,Memphis,1,2,16,92.0,35,Michigan St.,5,16,16,74.0,1
2008,20,216,18,Stanford,3,16,16,62.0,15,Texas,2,8,16,82.0,0
2008,18,214,13,UCLA,1,4,16,88.0,4,Western Kentucky,12,16,16,78.0,1
2008,16,212,1,Xavier,3,8,16,79.0,5,West Virginia,7,16,16,75.0,1
2008,14,98,31,North Carolina,1,4,8,83.0,39,Louisville,3,8,8,73.0,1
2008,12,96,43,Kansas,1,1,8,59.0,51,Davidson,10,8,8,57.0,1
2008,10,94,37,Memphis,1,2,8,85.0,15,Texas,2,8,8,67.0,1
2008,8,92,13,UCLA,1,4,8,76.0,1,Xavier,3,8,8,57.0,1
2008,6,34,31,North Carolina,1,4,4,66.0,43,Kansas,1,1,4,84.0,0
2008,4,32,37,Memphis,1,2,4,78.0,13,UCLA,1,4,4,63.0,1
2008,2,2,43,Kansas,1,1,2,75.0,37,Memphis,1,2,2,68.0,1
