Rank,Team Conference,Record,AdjEM,AdjO,AdjO_Rank,AdjD,AdjD_Rank,AdjT,AdjT_Rank,Luck,Luck_Rank,SOS_AdjEM,SOS_AdjEM_Rank,OppO,OppO_Rank,OppD,OppD_Rank,NCSOS_AdjEM,NCSOS_AdjEM_Rank,Year
1,Duke,ACC,31-3,+38.26,128.0,3,89.7,4,65.8,267,-.019,232,+10.12,56,112.5,47,102.4,62,+9.35,21
2,Florida,SEC,30-4,+36.19,128.6,1,92.5,9,69.6,59,+.007,159,+14.48,16,114.6,17,100.1,19,-1.97,232
3,Houston,B12,30-4,+35.42,123.2,10,87.8,2,61.5,360,+.015,138,+13.68,24,113.6,33,99.9,17,+2.59,100
4,Auburn,SEC,28-5,+35.11,128.5,2,93.4,12,67.6,154,+.030,100,+19.07,2,117.1,2,98.1,2,+10.39,19
5,Tennessee,SEC,27-7,+31.14,120.3,18,89.1,3,63.7,346,+.016,135,+15.96,7,116.7,4,100.7,34,-0.87,202
6,Alabama,SEC,25-8,+30.01,126.6,4,96.5,31,74.9,1,+.029,103,+19.60,1,118.3,1,98.7,3,+12.10,10
7,Texas Tech,B12,25-8,+28.04,125.3,5,97.3,37,65.5,281,-.045,293,+11.26,50,111.9,58,100.6,31,-4.68,305
8,Michigan St.,B10,27-6,+27.62,118.2,28,90.6,5,67.8,143,-.009,206,+13.41,27,114.3,23,100.9,39,+0.41,155
9,Gonzaga,WCC,25-8,+27.29,123.6,9,96.3,29,70.2,46,-.074,341,+7.04,72,110.8,74,103.8,79,+8.76,26
10,Iowa St.,B12,24-9,+27.01,119.5,21,92.5,10,68.6,103,-.048,298,+12.67,36,113.4,37,100.7,37,-0.85,201
11,St. John's,BE,30-4,+26.41,113.9,64,87.5,1,70.2,49,-.019,233,+9.16,61,111.9,59,102.7,65,-0.04,173
12,Maryland,B10,25-8,+26.37,118.2,27,91.8,6,69.9,57,-.038,279,+10.99,52,113.1,42,102.1,55,-10.36,359
13,Wisconsin,B10,26-9,+25.99,122.1,13,96.1,28,67.6,152,-.033,270,+13.91,22,114.3,22,100.4,26,-0.10,174
14,Arizona,B12,22-12,+25.73,122.6,12,96.9,33,69.9,54,-.049,303,+16.41,4,115.3,7,98.9,4,+5.05,53
15,Missouri,SEC,22-11,+24.44,125.3,6,100.9,71,68.2,121,-.048,297,+13.10,32,113.8,26,100.7,33,-9.25,355
16,Kentucky,SEC,22-11,+24.26,123.8,8,99.6,56,71.0,23,+.007,157,+17.86,3,116.9,3,99.0,6,+3.76,75
17,Texas A&M,SEC,22-10,+24.06,116.2,44,92.1,7,66.2,238,+.001,175,+16.14,5,115.5,5,99.4,10,+7.10,40
18,Clemson,ACC,27-6,+23.93,118.7,24,94.8,16,64.3,327,-.032,267,+8.32,68,111.5,63,103.2,73,+3.69,79
19,Purdue,B10,22-11,+23.87,124.3,7,100.4,64,65.0,297,-.007,198,+15.76,9,115.4,6,99.7,15,+10.41,18
20,Illinois,B10,21-12,+23.59,121.7,15,98.1,41,71.4,18,-.018,230,+15.98,6,115.0,10,99.0,7,+3.41,83
21,Kansas,B12,21-12,+23.29,116.0,49,92.7,11,68.4,113,-.024,250,+15.56,12,114.9,12,99.4,9,+8.77,25
22,Saint Mary's,WCC,28-5,+23.14,115.3,56,92.2,8,61.7,359,+.005,162,+5.43,87,111.1,71,105.6,121,+5.15,48
23,Louisville,ACC,27-7,+22.70,118.2,29,95.5,21,68.8,91,+.058,55,+10.43,54,112.7,45,102.3,59,+7.11,39
24,BYU,B12,24-9,+22.36,123.0,11,100.7,69,67.3,180,+.036,85,+11.11,51,111.9,60,100.7,36,-7.91,347
25,Michigan,B10,25-9,+22.32,116.0,48,93.7,13,69.5,64,+.070,41,+14.91,13,114.5,18,99.6,11,+3.87,72
26,Mississippi,SEC,22-11,+22.09,117.9,31,95.8,23,68.1,130,+.018,132,+15.82,8,115.2,8,99.3,8,-0.56,194
27,UCLA,B10,22-10,+21.78,116.9,36,95.1,17,64.9,301,-.008,203,+12.61,37,113.7,28,101.1,45,-5.19,313
28,Marquette,BE,23-10,+21.64,117.7,32,96.0,26,67.6,155,-.013,215,+12.60,38,113.2,40,100.6,30,+8.79,24
29,Baylor,B12,19-14,+21.16,120.9,16,99.7,57,64.6,320,-.054,314,+15.72,10,113.8,27,98.1,1,+7.69,33
30,North Carolina,ACC,23-13,+20.63,119.8,19,99.2,52,70.5,34,-.021,243,+12.32,40,113.3,39,101.0,43,+13.32,7
31,VCU,A10,28-6,+20.28,116.2,46,95.9,24,66.1,243,-.051,310,+1.01,127,106.8,159,105.8,125,-4.07,293
32,Oregon,B10,24-9,+20.12,116.6,39,96.5,30,67.7,151,+.085,27,+14.14,20,114.4,19,100.3,23,+4.08,68
33,Mississippi St.,SEC,21-12,+20.11,118.8,23,98.7,45,68.2,124,+.012,145,+14.83,14,115.1,9,100.3,22,+0.66,149
34,Connecticut,BE,23-10,+19.37,121.9,14,102.6,95,63.8,343,-.019,234,+10.16,55,112.2,52,102.0,54,-0.13,177
35,Georgia,SEC,20-12,+19.35,115.4,54,96.1,27,66.5,221,-.001,183,+13.61,25,113.9,25,100.3,24,-5.40,322
36,Creighton,BE,24-10,+18.71,116.9,35,98.2,42,67.1,192,+.049,70,+11.52,46,112.3,50,100.7,35,+5.42,46
37,UC San Diego,BW,30-4,+18.40,115.1,60,96.7,32,65.7,272,+.010,152,-1.96,189,105.7,219,107.7,189,-2.01,233
38,Oklahoma,SEC,20-13,+18.32,119.0,22,100.7,70,68.6,106,+.005,161,+14.62,15,114.6,16,100.0,18,-5.42,323
39,Ohio St.,B10,17-15,+18.31,117.6,33,99.3,54,67.0,195,-.070,332,+14.39,18,114.7,14,100.3,25,+3.09,91
40,Arkansas,SEC,20-13,+17.71,112.9,73,95.2,18,69.4,68,-.008,202,+13.87,23,114.8,13,100.9,41,-2.51,249
41,Xavier,BE,22-11,+17.54,116.2,43,98.7,46,69.1,76,-.011,213,+9.75,59,111.3,66,101.6,53,-1.14,210
42,New Mexico,MWC,26-7,+17.02,112.4,83,95.4,20,72.7,4,-.000,179,+6.02,82,109.0,93,103.0,70,+5.14,49
43,Colorado St.,MWC,25-9,+16.96,116.1,47,99.1,51,66.0,251,+.025,117,+5.57,86,109.3,90,103.7,78,+1.43,131
44,Texas,SEC,19-16,+16.83,117.1,34,100.3,60,67.4,174,-.067,328,+14.16,19,114.3,24,100.1,20,-8.23,349
45,45,Northwestern,B10,17-16,+16.39,113.9,65,97.5,39,65.0,298,-.089,350,+12.43,39,113.7,32,101.2,48,-2.12,237
46,46,SMU,ACC,23-10,+16.24,116.7,37,100.4,65,68.5,109,+.011,148,+6.06,81,110.3,79,104.2,91,-3.80,283
47,47,Indiana,B10,19-13,+16.21,113.7,67,97.5,38,67.9,137,+.024,119,+13.33,28,114.4,20,101.1,44,+1.36,132
48,Vanderbilt,SEC,20-12,+16.14,117.9,30,101.8,84,69.5,63,+.025,113,+12.91,33,113.7,30,100.8,38,-6.83,343
49,Boise St.,MWC,24-10,+15.58,115.8,51,100.2,59,65.2,291,+.004,169,+6.12,80,109.0,92,102.9,68,+1.64,124
50,Memphis,Amer,29-5,+15.47,113.3,72,97.8,40,70.8,27,+.090,20,+6.18,79,111.2,68,105.0,102,+15.70,4
51,West Virginia,B12,19-13,+15.11,109.1,132,94.0,14,64.2,329,+.023,121,+13.22,30,113.0,43,99.8,16,+1.01,138
52,Santa Clara,WCC,21-12,+14.95,116.5,40,101.6,78,68.9,89,-.054,313,+3.84,97,109.4,88,105.6,117,+3.66,80
53,San Diego St.,MWC,21-10,+14.92,109.6,118,94.7,15,66.1,244,+.028,107,+9.01,62,111.3,65,102.3,60,+13.03,8
54,Utah St.,MWC,26-7,+14.89,120.6,17,105.7,150,67.6,159,+.086,24,+5.38,89,108.6,99,103.2,74,+0.75,144
55,55,Nebraska,B10,17-14,+14.84,113.3,71,98.4,43,67.4,173,-.010,207,+12.21,42,113.7,29,101.5,51,-3.00,265
56,56,Cincinnati,B12,18-15,+14.80,110.5,101,95.7,22,65.5,280,-.049,302,+11.42,48,112.4,49,100.9,42,-4.97,310
57,57,Villanova,BE,19-14,+14.27,118.3,26,104.0,113,63.1,354,-.072,335,+7.75,69,110.5,77,102.7,66,-6.31,334
58,Drake,MVC,30-3,+14.21,112.7,75,98.5,44,58.8,364,+.004,166,-0.40,160,107.3,140,107.7,188,-2.64,252
59,McNeese,Slnd,27-6,+13.80,114.3,63,100.5,66,65.4,283,-.023,249,-2.35,204,104.8,267,107.1,164,+8.97,23
60,Liberty,CUSA,28-6,+13.78,112.6,78,98.8,48,65.4,285,+.000,177,+0.68,135,106.1,197,105.4,115,-2.85,257
61,61,Pittsburgh,ACC,17-15,+13.70,115.7,52,102.0,86,66.3,234,-.068,330,+8.83,63,111.9,57,103.1,71,+3.74,78
62,Penn St.,B10,16-15,+13.65,114.7,62,101.1,72,69.9,56,-.093,354,+9.35,60,111.9,56,102.6,64,-10.56,360
63,63,USC,B10,16-17,+12.93,116.7,38,103.7,107,68.2,122,-.043,290,+12.15,43,113.3,38,101.2,46,-2.15,238
64,64,Iowa,B10,17-16,+12.82,119.6,20,106.8,175,69.6,61,-.037,277,+12.29,41,113.6,34,101.3,49,-8.38,350
65,San Francisco,WCC,24-9,+12.68,111.8,90,99.1,50,67.8,144,+.053,64,+3.76,98,109.6,85,105.8,126,-1.12,208
66,Kansas St.,B12,16-17,+12.23,109.4,123,97.2,36,67.0,196,-.037,276,+12.88,34,112.5,48,99.6,12,-1.13,209
67,UC Irvine,BW,28-6,+12.08,107.4,158,95.3,19,68.7,98,+.059,53,+0.47,138,107.1,148,106.6,145,+4.28,65
68,68,UCF,B12,17-16,+11.61,115.4,53,103.8,112,71.9,11,+.025,115,+12.03,44,111.7,62,99.6,13,-1.05,205
69,South Carolina,SEC,12-20,+11.49,110.4,103,98.9,49,65.3,287,-.088,349,+14.48,17,114.9,11,100.4,29,-1.97,231
70,North Texas,Amer,25-8,+11.38,110.2,106,98.8,47,60.4,362,-.017,228,+0.98,129,108.6,100,107.6,183,+1.77,121
71,Wake Forest,ACC,21-11,+11.32,108.3,145,96.9,34,67.1,190,+.088,22,+8.70,65,111.4,64,102.7,67,-2.08,236
72,Arizona St.,B12,13-19,+11.24,112.5,81,101.3,76,68.4,111,-.019,235,+15.63,11,114.6,15,99.0,5,+8.33,30
73,73,Dayton,A10,23-10,+11.03,116.0,50,104.9,133,65.9,256,+.038,83,+4.83,91,108.5,102,103.7,77,+4.90,55
74,Yale,Ivy,22-7,+11.03,115.1,58,104.1,119,67.2,183,-.041,285,-2.54,215,106.5,176,109.0,258,-0.77,200
75,75,Rutgers,B10,15-17,+10.76,115.1,59,104.4,122,68.7,100,-.012,214,+13.29,29,113.5,36,100.3,21,-2.21,241
76,76,Butler,BE,14-19,+10.62,116.2,45,105.6,148,67.5,168,-.077,343,+11.48,47,112.2,51,100.7,32,+3.08,92
77,77,Utah,B12,16-16,+10.61,112.4,82,101.8,83,68.8,92,-.050,304,+10.60,53,112.1,54,101.5,52,-9.43,356
78,George Mason,A10,27-8,+10.53,106.5,183,95.9,25,64.6,319,+.074,36,+0.97,130,107.5,129,106.5,144,-5.24,317
79,79,Stanford,ACC,21-13,+9.98,112.6,79,102.6,96,66.0,252,+.045,76,+5.85,83,109.7,83,103.8,80,-3.85,285
80,80,Nevada,MWC,17-16,+9.69,112.7,76,103.0,97,63.8,342,-.093,353,+5.15,90,109.0,94,103.8,81,+2.02,117
81,81,Colorado,B12,14-20,+9.52,108.8,138,99.3,53,67.7,148,-.042,287,+13.46,26,113.1,41,99.6,14,-1.52,223
82,Lipscomb,ASun,25-9,+9.45,112.7,74,103.3,101,65.9,259,-.028,263,-4.58,282,105.6,227,110.2,334,+3.97,69
83,Saint Joseph's,A10,22-13,+9.37,109.8,113,100.4,62,68.0,131,-.070,333,+0.78,134,106.8,157,106.1,130,-4.29,301
84,High Point,BSth,29-5,+9.35,118.5,25,109.2,226,66.5,222,+.011,147,-5.44,297,104.4,282,109.9,317,-5.81,328
85,Oregon St.,WCC,20-12,+9.31,116.3,41,106.9,180,63.8,344,-.029,264,+0.94,131,107.1,145,106.2,137,-4.57,304
86,Arkansas St.,SB,25-10,+9.03,111.2,95,102.2,90,70.1,51,-.039,281,-2.10,198,105.1,250,107.2,167,+0.99,139
87,87,Georgetown,BE,17-15,+8.90,108.4,143,99.5,55,68.3,120,-.037,274,+6.43,77,109.9,81,103.5,75,-11.40,362
88,88,TCU,B12,16-16,+8.89,105.9,201,97.0,35,66.6,217,+.030,101,+13.18,31,113.6,35,100.4,27,+2.91,94
89,89,LSU,SEC,14-18,+8.64,109.0,133,100.4,63,68.0,136,-.062,323,+13.91,21,114.3,21,100.4,28,-6.93,344
90,Florida St.,ACC,17-15,+8.48,108.8,139,100.3,61,69.5,62,-.007,197,+6.53,76,110.4,78,103.8,82,-2.46,247
91,91,Minnesota,B10,15-17,+8.46,110.2,107,101.7,81,62.7,357,+.025,114,+11.63,45,113.0,44,101.4,50,-5.99,333
92,92,Bradley,MVC,27-8,+7.33,111.1,96,103.8,109,65.8,266,+.100,17,+0.24,143,107.8,116,107.5,177,-2.81,254
93,Troy,SB,23-10,+7.18,107.8,152,100.6,67,66.3,230,-.009,204,-2.58,217,105.5,232,108.1,207,+1.35,133
94,Grand Canyon,WAC,26-7,+7.18,107.8,151,100.6,68,71.5,15,+.019,128,-3.49,254,103.1,304,106.6,148,-3.27,275
95,95,UNLV,MWC,18-15,+7.18,107.4,157,100.2,58,65.7,268,+.010,153,+5.73,84,109.8,82,104.1,86,+3.76,76
96,Notre Dame,ACC,15-18,+7.11,111.3,92,104.2,121,64.7,313,-.046,294,+7.65,71,111.2,67,103.6,76,-0.20,181
97,97,Providence,BE,12-20,+6.98,112.1,87,105.1,138,66.3,232,-.097,356,+9.76,58,112.0,55,102.2,57,-0.57,195
98,Akron,MAC,28-6,+6.93,113.9,66,107.0,181,71.4,16,+.071,38,-4.01,271,104.9,264,108.9,250,+1.72,123
99,Oklahoma St.,B12,16-17,+6.49,108.2,146,101.7,80,71.6,14,+.079,29,+11.33,49,112.5,46,101.2,47,-3.04,267
100,Georgia Tech,ACC,17-17,+6.10,107.3,162,101.2,74,68.7,99,-.001,184,+6.33,78,110.5,76,104.2,89,-7.95,348
101,101,UAB,Amer,23-12,+6.09,116.2,42,110.2,245,69.1,73,-.014,217,-0.33,159,106.5,174,106.8,152,-8.53,351
102,Northern Iowa,MVC,20-12,+5.82,109.9,111,104.1,117,65.0,299,-.006,192,+0.08,148,107.2,144,107.1,161,-1.49,220
103,103,Virginia,ACC,15-17,+5.28,110.6,99,105.4,142,61.1,361,+.016,137,+8.73,64,111.1,69,102.4,63,+0.90,141
104,104,Chattanooga,SC,25-9,+5.26,115.3,57,110.1,243,66.5,218,+.052,66,-2.40,207,105.2,249,107.6,181,+0.21,162
105,Jacksonville St.,CUSA,23-12,+5.21,110.0,110,104.8,129,64.9,302,+.045,75,+2.26,110,107.5,126,105.2,109,+0.03,171
106,UNC Wilmington,CAA,27-7,+5.17,112.3,85,107.2,184,65.4,284,+.055,59,-4.56,281,104.9,262,109.5,293,-4.95,309
107,107,Washington,B10,13-18,+5.03,109.1,131,104.1,116,67.7,150,+.011,151,+12.77,35,113.7,31,100.9,40,-4.23,299
108,Loyola Chicago,A10,22-11,+4.72,107.2,165,102.5,94,66.9,205,+.067,43,+0.34,141,106.5,172,106.2,139,-9.05,354
109,North Alabama,ASun,24-11,+4.69,111.3,94,106.6,169,66.8,213,-.003,188,-5.02,291,105.0,258,110.0,329,-3.05,268
110,110,California,ACC,14-19,+4.66,111.3,93,106.6,172,67.5,162,-.038,280,+6.82,75,111.0,72,104.2,92,-1.69,229
111,Utah Valley,WAC,25-8,+4.54,106.8,176,102.2,91,68.0,134,+.089,21,-1.85,185,105.1,255,106.9,157,+0.77,142
112,George Washington,A10,21-12,+4.43,107.9,150,103.5,103,66.8,211,-.023,248,-2.21,201,104.6,277,106.8,150,-11.42,363
113,113,Syracuse,ACC,14-19,+4.43,110.4,105,105.9,153,68.2,123,+.026,111,+8.65,66,111.8,61,103.1,72,+2.54,102
114,South Alabama,SB,21-11,+4.43,107.5,155,103.1,99,63.1,353,-.042,288,-3.83,267,104.5,280,108.3,219,-2.84,256
115,115,DePaul,BE,14-19,+4.37,109.7,116,105.3,141,66.9,203,-.038,278,+8.42,67,110.7,75,102.3,58,-9.51,357
116,Florida Atlantic,Amer,18-16,+4.28,112.6,80,108.3,205,68.8,90,-.028,259,+2.79,103,108.3,105,105.6,116,+4.52,62
117,Kent St.,MAC,23-11,+4.23,105.9,198,101.7,82,66.3,229,+.027,110,-3.04,235,106.0,204,109.0,262,+2.11,112
118,118,CSUN,BW,22-11,+4.22,108.9,136,104.7,127,72.3,8,+.013,143,-2.08,197,105.4,236,107.5,178,-5.40,321
119,St. Bonaventure,A10,22-12,+4.18,105.3,209,101.1,73,64.6,318,+.047,73,+1.21,123,107.4,134,106.2,138,-4.26,300
120,Middle Tennessee,CUSA,22-12,+4.16,109.2,128,105.0,134,68.3,117,+.074,34,+2.85,102,107.5,125,104.6,98,+2.93,93
121,Saint Louis,A10,19-15,+4.15,109.3,127,105.1,137,67.6,160,-.001,180,+3.73,99,108.3,106,104.5,97,-0.29,185
122,Wofford,SC,19-15,+4.05,113.6,69,109.5,231,64.1,333,-.032,266,-0.81,163,106.7,162,107.6,180,+5.16,47
123,Northern Colorado,BSky,25-9,+3.93,112.0,88,108.1,203,68.8,94,+.042,78,-4.18,276,105.5,231,109.7,312,+2.11,110
124,Washington St.,WCC,19-14,+3.93,111.7,91,107.7,195,70.6,32,+.076,33,+4.21,96,109.4,87,105.2,107,+2.52,103
125,125,Samford,SC,22-11,+3.87,112.6,77,108.7,215,70.9,25,+.019,129,-2.06,195,105.9,210,107.9,199,-0.13,176
126,Louisiana Tech,CUSA,20-12,+3.87,109.0,135,105.1,136,64.5,324,+.031,97,+1.10,124,106.2,195,105.1,104,-2.32,243
127,N.C. State,ACC,12-19,+3.83,107.6,154,103.8,108,65.3,289,-.079,346,+7.03,73,111.1,70,104.1,87,-5.19,314
128,128,Belmont,MVC,22-11,+3.41,112.4,84,109.0,221,70.6,31,+.081,28,+0.06,149,107.0,153,106.9,155,-1.57,226
129,St. Thomas,Sum,24-10,+3.40,113.6,68,110.2,247,67.8,139,-.010,208,-3.53,259,106.8,158,110.4,343,-0.55,193
130,Kennesaw St.,CUSA,19-14,+3.37,107.2,168,103.8,111,70.3,43,+.035,88,+3.32,100,107.3,137,104.0,84,+3.19,89
131,131,Cornell,Ivy,18-11,+3.32,114.9,61,111.6,273,70.9,26,-.033,268,-2.60,221,105.6,226,108.2,217,-2.57,250
132,New Mexico,St.,CUSA,17-15,+3.12,104.4,218,101.3,75,64.8,308,-.037,275,+2.55,106,107.0,150,104.5,96,+1.76,122
133,North Dakota,St.,Sum,21-11,+2.75,115.4,55,112.6,297,64.9,303,-.006,193,-3.08,238,107.5,123,110.6,350,-0.21,183
134,South Dakota,St.,Sum,20-12,+2.61,109.7,115,107.1,182,69.0,81,-.018,231,-1.80,183,108.0,112,109.8,315,+4.13,67
135,Wichita St.,Amer,19-15,+2.58,107.0,172,104.5,123,68.7,95,+.034,89,+1.91,113,107.6,120,105.7,123,+1.06,137
136,136,Duquesne,A10,13-19,+2.53,106.0,196,103.5,104,65.2,290,-.127,361,+1.79,115,106.9,154,105.2,105,-1.94,230
137,137,Tulane,Amer,19-14,+2.21,108.8,137,106.6,171,66.7,214,-.033,271,-1.15,170,106.5,173,107.7,190,-6.54,337
138,Robert Morris,Horz,26-8,+2.16,107.0,171,104.9,131,67.8,140,+.088,23,-6.14,304,104.6,275,110.7,355,-8.54,352
139,139,Furman,SC,25-10,+2.10,110.1,108,108.0,202,65.9,258,+.112,13,-1.07,168,106.6,169,107.6,187,+0.47,153
140,Illinois St.,MVC,19-14,+2.01,112.0,89,110.0,241,65.7,269,-.015,219,+0.14,147,107.5,121,107.4,173,-1.51,222
141,Murray St.,MVC,16-17,+1.95,106.5,180,104.6,124,64.9,305,-.050,308,+1.51,117,107.6,119,106.1,133,+1.32,134
142,East Tennessee,St.,SC,19-13,+1.83,106.7,178,104.9,132,65.1,295,-.069,331,-3.40,249,105.9,206,109.3,286,-3.19,271
143,143,Milwaukee,Horz,21-11,+1.83,107.3,161,105.5,147,68.7,97,+.004,170,-3.07,237,106.1,196,109.2,272,+2.49,104
144,UNC Greensboro,SC,20-12,+1.70,107.1,170,105.4,144,63.8,340,-.016,223,-2.37,206,106.6,167,109.0,257,+1.48,130
145,145,Seattle,WAC,14-18,+1.57,104.0,221,102.4,93,65.9,253,-.138,364,-0.05,152,105.0,260,105.0,103,+4.94,54
146,146,Davidson,A10,17-16,+1.33,109.6,117,108.3,207,65.9,257,-.020,236,+0.26,142,106.4,183,106.1,135,-4.77,307
147,UC Santa,Barbara,BW,21-13,+1.20,108.6,141,107.4,190,65.5,279,-.001,181,-2.70,226,104.8,265,107.5,179,-8.73,353
148,Bryant,AE,23-11,+1.17,106.8,177,105.6,149,72.5,7,-.004,190,-7.04,318,103.0,314,110.0,326,+0.40,156
149,Miami OH,MAC,25-9,+1.11,108.0,149,106.9,178,69.0,83,+.086,25,-5.35,294,103.9,293,109.2,276,-3.24,273
150,150,Radford,BSth,20-13,+0.71,110.4,104,109.7,237,62.8,356,+.059,54,-2.04,191,106.8,155,108.9,247,+1.48,129
151,151,Towson,CAA,22-11,+0.69,106.9,175,106.2,159,63.6,347,+.094,19,-2.05,193,105.9,208,108.0,201,+3.54,82
152,Rhode Island,A10,18-13,+0.68,108.0,148,107.4,187,70.4,37,+.016,136,-0.84,164,105.7,217,106.6,146,-6.61,341
153,153,Charleston,CAA,24-9,+0.62,106.1,192,105.5,145,70.1,50,+.141,3,-2.68,225,105.9,211,108.5,232,+0.10,167
154,154,UTEP,CUSA,18-15,+0.54,105.4,207,104.8,130,68.8,93,+.028,105,+2.64,104,107.1,147,104.4,95,+0.70,147
155,Western Kentucky,CUSA,17-15,+0.51,103.5,233,103.0,98,71.7,12,+.034,90,+2.43,108,106.7,163,104.3,93,+2.11,111
156,Loyola Marymount,WCC,17-15,+0.49,104.2,220,103.7,106,67.2,187,+.062,48,+2.59,105,108.7,95,106.1,132,-0.38,188
157,Nebraska Omaha,Sum,22-12,+0.46,111.1,97,110.6,254,67.8,145,+.071,37,-2.53,214,106.8,161,109.3,278,+0.39,158
158,UC Riverside,BW,21-13,+0.40,109.8,112,109.4,229,67.1,191,+.138,4,+2.09,111,107.8,115,105.7,122,+8.64,27
159,James Madison,SB,20-12,+0.35,110.6,100,110.2,248,64.9,304,+.069,42,-1.12,169,105.7,220,106.8,153,+3.90,70
160,Texas A&M Corpus,Chris,Slnd,20-14,+0.29,106.0,194,105.7,152,67.4,172,-.028,261,-3.68,260,104.2,288,107.9,197,+3.87,71
161,Montana,BSky,25-9,+0.27,110.8,98,110.5,252,67.1,193,+.186,1,-2.32,203,106.4,178,108.8,239,+8.57,28
162,Virginia Tech,ACC,13-19,+0.21,106.5,181,106.3,164,65.1,293,+.030,102,+7.02,74,110.9,73,103.9,83,-1.18,214
163,Purdue Fort,Wayne,Horz,19-13,+0.02,109.1,130,109.1,224,69.8,58,-.015,220,-3.51,257,105.3,243,108.8,243,+0.76,143
164,164,Winthrop,BSth,23-11,+0.00,108.4,144,108.4,209,72.7,6,+.078,32,-3.75,263,105.9,207,109.7,309,-3.52,279
165,165,Lamar,Slnd,20-13,-0.09,102.1,254,102.2,89,65.4,282,+.047,72,-1.68,180,105.5,229,107.2,166,+4.17,66
166,166,Marshall,SB,20-13,-0.26,106.4,184,106.7,173,68.7,101,+.002,172,-4.04,273,105.5,233,109.5,297,-4.29,302
167,Cleveland St.,Horz,21-12,-0.26,103.8,226,104.1,115,65.3,288,+.032,95,-4.23,278,104.9,263,109.1,269,+0.16,164
168,Appalachian St.,SB,17-14,-0.37,101.2,275,101.6,77,63.2,351,-.028,262,-3.02,234,106.2,193,109.2,275,+3.21,88
169,San Jose,St.,MWC,15-19,-0.41,107.2,169,107.6,193,66.4,227,+.009,155,+4.45,94,108.6,98,104.1,88,-3.43,277
170,Cal Baptist,WAC,17-15,-0.43,105.7,202,106.2,157,65.7,271,-.013,216,-1.86,186,103.7,295,105.6,118,-0.17,179
171,171,Temple,Amer,17-15,-0.56,110.0,109,110.6,253,68.7,102,+.017,134,-0.16,156,106.6,165,106.8,151,-2.03,235
172,172,Nicholls,Slnd,20-13,-0.71,105.7,203,106.4,167,68.2,127,+.054,61,-1.77,182,104.5,279,106.3,140,+8.17,31
173,Florida Gulf,Coast,ASun,18-14,-0.77,108.1,147,108.9,219,65.2,292,-.026,254,-3.89,270,105.6,224,109.5,296,+3.30,86
174,Sam Houston,St.,CUSA,13-19,-0.78,110.4,102,111.2,266,67.6,158,-.040,282,+4.32,95,107.3,141,102.9,69,+7.13,38
175,Illinois Chicago,MVC,17-14,-0.81,107.0,173,107.8,196,69.1,74,+.066,44,+1.35,121,107.3,139,105.9,127,+2.39,106
176,East Carolina,Amer,19-14,-0.97,107.0,174,108.0,200,66.6,215,+.039,81,-1.04,166,107.0,151,108.0,204,-5.27,319
177,177,Oakland,Horz,16-18,-1.28,107.2,167,108.5,210,63.9,338,-.007,196,-0.12,155,107.5,127,107.6,182,+13.77,5
178,178,Princeton,Ivy,19-11,-1.43,105.3,208,106.8,174,66.5,220,+.118,10,-0.97,165,107.2,143,108.1,214,+0.04,170
179,179,Jacksonville,ASun,19-13,-1.49,101.8,260,103.3,100,67.4,170,+.062,47,-2.58,218,107.3,135,109.9,320,+6.70,43
180,Norfolk St.,MEAC,24-10,-1.50,107.2,166,108.7,214,66.4,226,+.056,57,-7.18,325,103.1,306,110.3,336,+3.09,90
181,Eastern Kentucky,ASun,18-14,-1.69,109.7,114,111.4,269,67.6,156,+.019,126,-2.87,230,105.9,209,108.8,240,+4.58,61
182,Boston College,ACC,12-19,-1.81,105.4,206,107.2,185,66.8,212,+.018,133,+5.41,88,109.6,86,104.2,90,-6.74,342
183,Central Connecticut,NEC,25-7,-1.82,99.8,297,101.6,79,65.8,265,+.023,120,-11.85,364,100.2,363,112.1,364,-2.87,260
184,Cal Poly,BW,16-19,-1.95,109.4,125,111.3,267,74.5,3,-.006,195,+1.07,125,106.3,190,105.2,108,+5.07,52
185,185,Merrimack,MAAC,18-15,-2.06,99.9,296,102.0,85,64.5,323,-.002,185,-5.27,293,104.1,289,109.3,285,+7.21,37
186,186,Drexel,CAA,18-15,-2.06,104.0,223,106.0,154,63.0,355,-.052,312,-4.59,283,105.4,240,109.9,323,-5.24,316
187,Montana St.,BSky,15-18,-2.16,105.2,210,107.4,191,65.9,263,-.063,325,-2.08,196,106.0,199,108.1,212,+4.81,57
188,188,Rice,Amer,13-19,-2.17,106.4,186,108.5,211,65.3,286,-.084,347,-2.05,194,105.4,238,107.4,174,-7.87,346
189,189,Wyoming,MWC,12-20,-2.28,103.4,234,105.7,151,64.6,316,-.027,257,+4.72,93,109.4,89,104.6,99,-3.01,266
190,190,UTSA,Amer,12-19,-2.36,107.3,163,109.6,234,69.9,55,-.051,311,+1.49,118,107.5,124,106.0,128,+1.48,128
191,South Carolina,St.,MEAC,20-13,-2.39,102.6,247,105.0,135,69.2,70,-.050,309,-8.57,353,102.7,323,111.3,361,+0.39,157
192,Miami FL,ACC,7-24,-2.46,113.5,70,116.0,340,67.5,166,-.130,362,+7.70,70,110.0,80,102.3,61,-2.36,244
193,Southern Illinois,MVC,14-19,-2.67,105.7,204,108.3,208,67.9,138,-.025,252,+1.28,122,108.4,104,107.1,159,+2.46,105
194,Southeastern Louisiana,Slnd,18-14,-2.71,104.7,213,107.4,189,67.0,201,+.011,149,-3.82,265,104.6,273,108.4,228,-0.48,190
195,Texas St.,SB,16-16,-2.73,109.6,122,112.3,285,65.9,255,-.041,284,-2.58,219,104.4,281,107.0,158,-0.43,189
196,South Florida,Amer,13-19,-2.77,103.5,232,106.3,166,68.3,119,-.047,295,+0.44,140,108.2,108,107.7,194,-5.44,324
197,197,Ohio,MAC,16-16,-2.77,106.3,190,109.0,222,70.3,42,-.064,326,-3.39,248,106.3,189,109.7,307,-1.40,219
198,Central Michigan,MAC,14-17,-2.78,105.5,205,108.3,204,67.2,188,-.091,351,-2.01,190,106.4,185,108.4,221,+11.65,11
199,199,Elon,CAA,17-15,-2.97,107.4,156,110.4,251,65.1,294,-.026,255,-3.41,252,105.0,256,108.5,230,-0.50,191
200,UNC Asheville,BSth,21-11,-3.03,109.0,134,112.1,279,68.2,126,+.123,7,-3.23,243,106.5,177,109.7,311,-0.54,192
201,Indiana St.,MVC,14-18,-3.15,109.1,129,112.3,282,72.2,9,-.044,291,+0.01,150,106.5,175,106.5,143,-4.00,288
202,Youngstown St.,Horz,21-13,-3.19,102.2,252,105.4,143,69.2,69,+.058,56,-4.72,285,105.2,247,109.9,321,-5.92,330
203,Southeast Missouri,OVC,21-12,-3.24,101.9,256,105.2,139,68.9,87,+.023,122,-7.35,328,101.8,338,109.2,270,+3.85,73
204,204,Queens,ASun,19-14,-3.32,106.3,189,109.6,233,68.4,112,+.052,68,-3.51,255,105.7,218,109.2,274,+0.68,148
205,205,Dartmouth,Ivy,14-14,-3.34,100.2,294,103.5,105,71.0,24,-.057,318,-3.88,269,106.0,200,109.9,319,-6.55,338
206,Seton Hall,BE,7-25,-3.40,98.7,315,102.1,88,64.5,322,-.042,289,+10.01,57,112.2,53,102.1,56,-2.87,259
207,Portland St.,BSky,19-13,-3.56,100.5,288,104.1,118,68.5,110,+.015,139,-4.61,284,105.8,216,110.4,344,-1.27,216
208,208,Brown,Ivy,14-13,-3.69,103.1,236,106.8,176,65.8,264,+.022,123,-3.72,262,105.7,221,109.4,289,-5.60,327
209,209,Northeastern,CAA,17-15,-3.72,103.6,230,107.4,188,67.3,176,+.019,127,-4.06,274,104.0,291,108.1,206,-3.65,281
210,210,Valparaiso,MVC,15-19,-3.76,105.9,197,109.7,236,68.0,132,-.001,182,+0.24,144,106.6,170,106.3,141,-4.20,297
211,211,Longwood,BSth,18-14,-3.81,106.0,195,109.8,239,69.0,79,+.002,173,-4.02,272,106.3,188,110.3,339,-4.13,294
212,Idaho St.,BSky,15-15,-3.90,105.9,199,109.8,238,66.0,248,-.059,320,-3.83,266,105.5,234,109.3,283,+2.06,114
213,213,Quinnipiac,MAAC,20-13,-3.96,102.1,253,106.0,155,71.6,13,+.031,99,-6.84,314,102.1,331,108.9,249,-0.21,182
214,214,Hampton,CAA,17-16,-4.15,103.7,227,107.9,198,65.6,275,-.003,189,-2.56,216,106.4,184,108.9,253,+0.11,166
215,215,Pepperdine,WCC,13-22,-4.25,106.4,185,110.6,255,69.1,75,-.022,245,+2.87,101,108.1,110,105.2,110,-4.20,298
216,SIUE,OVC,22-11,-4.25,102.0,255,106.2,160,65.9,261,+.052,67,-9.01,357,101.4,349,110.4,345,-3.37,276
217,217,Massachusetts,A10,12-20,-4.40,102.2,250,106.6,170,70.3,44,-.050,305,+0.65,137,106.0,201,105.4,114,-3.59,280
218,218,Hofstra,CAA,15-18,-4.45,98.0,325,102.4,92,63.6,348,-.047,296,-3.10,239,105.0,257,108.1,211,+1.98,118
219,Abilene Christian,WAC,16-16,-4.45,97.7,329,102.1,87,69.4,67,+.036,86,-1.19,171,104.4,284,105.6,119,+0.97,140
220,220,Maine,AE,20-14,-4.49,100.1,295,104.6,125,65.9,254,+.004,168,-7.09,321,103.5,298,110.6,352,-3.85,284
221,221,Campbell,CAA,15-17,-4.52,101.6,268,106.2,156,65.9,262,-.058,319,-4.19,277,105.1,251,109.3,279,-4.19,296
222,Wright St.,Horz,15-18,-4.56,109.6,120,114.1,315,67.5,169,-.060,321,-3.24,244,106.1,198,109.3,280,+0.72,146
223,La Salle,A10,14-19,-4.90,103.7,229,108.6,212,68.6,105,+.046,74,+1.97,112,107.3,138,105.3,112,-1.37,218
224,UT Arlington,WAC,13-18,-4.96,107.4,159,112.3,286,67.6,161,-.035,272,-1.33,177,104.0,290,105.4,113,-0.14,178
225,Little Rock,OVC,19-14,-4.99,99.2,306,104.2,120,66.9,202,+.021,124,-7.69,337,101.8,340,109.5,292,+2.28,108
226,226,Hawaii,BW,15-16,-5.05,103.0,238,108.0,201,65.9,260,+.025,116,-1.21,173,105.9,212,107.1,160,-2.38,245
227,227,Bucknell,PL,18-15,-5.08,102.6,246,107.7,194,67.3,181,+.009,154,-7.55,334,103.0,310,110.6,351,+0.37,159
228,Northwestern St.,Slnd,16-16,-5.19,102.7,245,107.9,197,64.0,336,+.079,30,-0.22,158,106.2,192,106.4,142,+11.62,12
229,William &,Mary,CAA,17-15,-5.29,107.3,160,112.6,296,71.3,19,+.048,71,-2.77,228,105.4,239,108.1,213,-1.18,213
230,230,Presbyterian,BSth,14-18,-5.36,104.5,215,109.9,240,64.2,331,-.036,273,-2.51,212,107.0,149,109.6,300,-0.74,199
231,231,Fordham,A10,12-21,-5.55,106.3,188,111.9,278,69.5,65,-.003,187,+1.47,119,106.4,179,105.0,100,-3.26,274
232,232,Delaware,CAA,16-20,-5.57,109.4,124,114.9,323,70.4,41,-.017,225,-2.94,232,104.7,270,107.6,184,-1.49,221
233,Northern Kentucky,Horz,17-16,-5.62,102.7,244,108.3,206,66.1,242,+.041,79,-2.76,227,106.0,202,108.8,241,+3.38,84
234,234,Southern,SWAC,20-12,-5.68,99.0,310,104.7,128,68.5,108,+.053,65,-7.97,342,101.5,348,109.4,291,+11.35,13
235,235,Toledo,MAC,18-15,-5.75,112.2,86,118.0,356,68.0,135,+.117,11,-1.90,187,106.2,194,108.1,209,+3.84,74
236,236,Manhattan,MAAC,17-13,-5.81,108.5,142,114.3,317,67.5,164,+.006,160,-8.49,350,101.2,353,109.7,306,-5.93,331
237,Kansas City,Sum,13-20,-5.95,100.4,290,106.3,165,64.5,321,-.108,358,-2.51,211,107.9,113,110.4,346,+0.49,152
238,Mount St. Mary's,MAAC,23-12,-6.03,101.1,279,107.1,183,67.5,165,+.147,2,-7.16,323,102.0,333,109.1,267,-1.16,211
239,UT Rio Grande,Valley,Slnd,16-15,-6.14,104.8,211,110.9,261,70.4,35,+.007,156,-3.47,253,104.2,287,107.7,192,-0.38,187
240,South Dakota,Sum,19-14,-6.16,109.3,126,115.4,333,74.6,2,+.101,16,-3.34,246,107.0,152,110.3,340,-4.02,289
241,241,Richmond,A10,10-22,-6.22,103.0,239,109.2,227,63.8,345,-.026,253,+2.34,109,107.6,118,105.3,111,-2.82,255
242,242,Vermont,AE,21-12,-6.26,99.2,305,105.5,146,62.4,358,+.118,9,-7.08,320,103.0,307,110.1,332,-0.88,203
243,Missouri St.,MVC,9-23,-6.36,101.1,280,107.4,192,63.8,339,-.104,357,+0.90,133,108.6,97,107.7,193,-0.01,172
244,UMass Lowell,AE,17-15,-6.36,108.6,140,115.0,324,68.6,104,-.021,242,-7.45,331,101.1,354,108.6,234,-3.89,286
245,Cal St.,Bakersfield,BW,14-19,-6.37,106.2,191,112.6,294,66.0,246,-.020,237,-1.05,167,105.9,213,106.9,156,-2.19,239
246,Incarnate Word,Slnd,17-16,-6.51,106.1,193,112.6,295,64.2,330,-.018,229,-5.36,295,103.0,308,108.4,224,-5.14,312
247,Northern Arizona,BSky,18-15,-6.58,104.2,219,110.8,259,66.9,206,+.004,167,-5.42,296,105.1,253,110.5,349,-4.83,308
248,Jackson St.,SWAC,16-18,-6.59,100.3,291,106.9,179,68.3,115,+.021,125,-4.78,288,103.6,297,108.4,223,+16.37,3
249,American,PL,22-13,-6.69,102.4,248,109.1,223,63.6,349,+.123,6,-7.16,324,103.1,305,110.3,337,+1.59,125
250,Georgia Southern,SB,17-16,-6.80,102.8,243,109.6,232,69.4,66,+.064,45,-4.77,286,104.7,271,109.4,290,-2.97,263
251,UC Davis,BW,15-17,-6.83,97.0,335,103.8,110,67.0,200,+.070,39,+0.15,146,107.4,132,107.3,168,+1.91,119
252,Tennessee St.,OVC,17-16,-7.25,102.3,249,109.5,230,70.4,40,-.068,329,-8.45,349,100.9,358,109.4,287,-0.29,184
253,253,FIU,CUSA,10-23,-7.32,96.7,337,104.0,114,68.4,114,-.050,306,+0.45,139,107.2,142,106.7,149,-6.34,335
254,254,Siena,MAAC,14-18,-7.39,102.8,241,110.2,246,67.2,184,-.067,327,-6.76,313,102.9,318,109.6,303,-1.06,206
255,255,Charlotte,Amer,11-22,-7.74,104.5,216,112.3,284,64.8,306,-.009,205,-0.20,157,107.4,133,107.6,185,-4.14,295
256,256,Harvard,Ivy,12-15,-7.76,101.2,277,108.9,220,65.5,276,+.054,62,-2.41,208,105.5,230,107.9,200,-3.09,270
257,257,Iona,MAAC,17-17,-7.81,98.7,316,106.5,168,68.1,129,+.014,141,-7.12,322,102.7,321,109.8,316,-2.87,261
258,258,Evansville,MVC,11-21,-7.94,98.3,320,106.2,162,66.9,209,-.021,244,+1.06,126,108.2,109,107.1,162,+0.53,150
259,Fresno St.,MWC,6-26,-7.96,100.7,284,108.7,213,70.6,33,-.008,200,+5.65,85,109.7,84,104.0,85,-2.21,240
260,North Florida,ASun,15-17,-7.97,109.6,119,117.5,350,72.2,10,+.049,69,-2.44,209,106.4,186,108.8,242,+6.85,42
261,Georgia St.,SB,14-19,-7.99,106.6,179,114.5,320,68.9,84,+.013,142,-3.11,240,105.2,248,108.3,218,-1.61,228
262,Sacred Heart,MAAC,15-18,-7.99,104.8,212,112.7,302,70.2,47,-.049,300,-7.44,330,101.9,335,109.3,284,-2.87,258
263,263,Mercer,SC,14-19,-8.05,99.2,304,107.3,186,71.1,21,-.014,218,-2.50,210,106.2,191,108.7,238,-1.56,224
264,Gardner Webb,BSth,11-20,-8.09,103.1,237,111.2,265,69.0,82,-.011,210,-2.23,202,107.5,128,109.7,310,+0.05,169
265,265,Colgate,PL,14-19,-8.10,104.5,214,112.6,298,67.2,185,-.057,317,-5.79,301,103.5,300,109.2,277,+2.61,98
266,North Dakota,Sum,12-21,-8.22,107.7,153,115.9,336,69.0,80,-.020,238,-0.64,161,108.1,111,108.7,236,+2.67,96
267,267,Tulsa,Amer,13-20,-8.52,101.5,271,110.0,242,66.2,235,-.044,292,-1.33,176,106.6,168,107.9,198,-9.51,358
268,268,Monmouth,CAA,13-20,-8.56,103.9,224,112.5,293,67.1,194,+.028,108,-1.83,184,105.5,235,107.3,169,+2.28,107
269,269,Portland,WCC,12-20,-8.88,105.9,200,114.7,321,68.3,116,+.033,91,+1.53,116,107.7,117,106.1,136,-4.03,290
270,270,Marist,MAAC,20-10,-9.01,97.2,333,106.2,158,64.1,332,+.107,15,-10.26,361,100.7,360,110.9,358,-11.80,364
271,Ball St.,MAC,14-17,-9.07,103.6,231,112.7,299,66.4,225,-.056,316,-6.14,303,104.3,285,110.5,348,-6.59,339
272,272,Albany,AE,17-16,-9.13,103.2,235,112.4,288,67.5,163,+.018,131,-7.50,332,102.5,326,110.0,330,-4.70,306
273,Alabama St.,SWAC,20-15,-9.24,101.4,273,110.7,256,67.8,142,+.061,51,-8.81,355,100.7,359,109.5,298,+6.22,45
274,Austin Peay,ASun,14-19,-9.27,101.9,258,111.2,264,66.1,245,+.025,118,-1.92,188,107.8,114,109.8,314,+4.84,56
275,275,Navy,PL,15-19,-9.35,102.2,251,111.6,271,67.0,198,-.040,283,-8.19,346,101.8,336,110.0,328,-6.46,336
276,Eastern Michigan,MAC,16-16,-9.39,104.5,217,113.9,312,67.2,186,+.115,12,-4.08,275,105.4,237,109.5,295,-3.19,272
277,Stephen F.,Austin,Slnd,14-17,-9.46,95.1,348,104.6,126,67.4,171,+.055,60,-2.65,224,104.5,278,107.2,165,+1.06,136
278,Houston Christian,Slnd,12-20,-9.49,100.6,285,110.1,244,64.8,312,-.006,191,-2.60,220,104.7,269,107.3,170,+5.13,50
279,279,Idaho,BSky,14-19,-9.59,107.2,164,116.8,345,66.3,231,+.032,96,-2.79,229,105.3,242,108.1,208,+1.57,127
280,280,Columbia,Ivy,12-15,-9.60,106.3,187,115.9,339,70.7,30,-.017,226,-5.11,292,104.6,276,109.7,308,-10.70,361
281,Texas Southern,SWAC,15-17,-9.63,96.6,338,106.2,161,69.9,53,-.049,301,-7.30,326,101.8,337,109.1,265,+12.42,9
282,Old Dominion,SB,15-20,-10.11,100.2,292,110.3,250,66.0,249,+.033,92,-3.77,264,105.1,254,108.9,245,-2.64,251
283,283,Pacific,WCC,9-24,-10.26,101.5,272,111.7,277,66.5,223,-.033,269,+2.44,107,108.6,101,106.1,134,-0.20,180
284,284,Lehigh,PL,11-19,-10.36,100.6,286,110.9,262,67.3,179,-.097,355,-6.47,310,103.0,311,109.5,294,+3.31,85
285,Tarleton St.,WAC,12-20,-10.38,93.0,359,103.4,102,65.5,277,+.025,112,+1.44,120,106.4,181,105.0,101,+7.29,35
286,286,LIU,NEC,17-16,-10.40,94.9,352,105.3,140,64.8,309,-.003,186,-10.75,363,100.9,357,111.7,363,-2.66,253
287,Bethune Cookman,SWAC,17-16,-10.57,97.4,332,107.9,199,69.1,77,+.119,8,-5.61,299,102.8,319,108.4,225,+8.99,22
288,Bowling Green,MAC,14-18,-10.58,99.1,307,109.7,235,68.7,96,+.004,164,-6.26,306,104.4,283,110.7,354,-6.61,340
289,289,VMI,SC,15-19,-10.63,100.2,293,110.8,258,68.2,125,+.027,109,-2.61,222,106.4,182,109.0,259,-2.43,246
290,Western Michigan,MAC,12-20,-10.64,101.6,269,112.3,283,67.8,141,-.008,201,-3.41,251,105.7,223,109.1,264,+0.05,168
291,291,Lafayette,PL,13-20,-10.85,98.0,324,108.8,217,66.2,241,-.077,344,-8.44,348,102.9,316,111.3,362,-5.25,318
292,Tennessee Martin,OVC,14-19,-10.94,101.8,259,112.7,301,66.3,233,-.042,286,-7.36,329,101.6,345,108.9,252,+2.63,97
293,293,Penn,Ivy,8-19,-11.02,104.0,222,115.0,326,66.9,208,-.011,211,-1.49,179,105.9,205,107.4,175,-1.60,227
294,Southern Miss,SB,11-22,-11.02,97.8,327,108.8,216,70.8,28,-.007,199,-2.16,199,105.2,246,107.4,171,+0.45,154
295,Eastern Washington,BSky,10-22,-11.11,101.8,262,112.9,304,66.9,207,+.002,174,-1.25,175,107.1,146,108.3,220,+6.31,44
296,Southern Utah,WAC,12-19,-11.17,98.2,323,109.3,228,68.9,86,+.032,94,-1.34,178,104.7,268,106.1,131,+0.32,160
297,San Diego,WCC,6-27,-11.29,99.4,303,110.7,257,71.1,20,-.074,340,+0.93,132,107.5,122,106.6,147,-4.29,303
298,Saint Peter's,MAAC,12-16,-11.31,94.9,350,106.3,163,63.9,337,+.007,158,-7.04,319,103.4,301,110.4,347,-0.10,175
299,299,UMBC,AE,13-19,-11.48,106.5,182,118.0,355,70.4,38,-.072,336,-7.55,335,101.6,344,109.1,268,-5.58,326
300,Weber St.,BSky,12-22,-11.57,101.1,278,112.7,300,65.6,273,-.011,212,-2.52,213,106.3,187,108.8,244,+2.83,95
301,Utah Tech,WAC,7-26,-11.83,101.8,261,113.6,309,67.5,167,-.062,322,-0.07,153,105.1,252,105.2,106,+3.27,87
302,Charleston Southern,BSth,10-22,-12.00,99.7,299,111.7,275,67.3,178,+.040,80,-0.10,154,108.5,103,108.6,233,+4.40,63
303,Tennessee Tech,OVC,15-17,-12.26,100.9,281,113.1,306,67.7,146,+.045,77,-7.81,338,101.5,347,109.3,282,+0.73,145
304,Long Beach,St.,BW,7-25,-12.43,101.7,266,114.1,314,64.1,334,-.071,334,+0.67,136,106.7,164,106.0,129,+2.06,113
305,Boston University,PL,16-16,-12.46,98.9,311,111.4,270,63.1,352,+.061,49,-8.54,352,102.1,330,110.6,353,-5.89,329
306,Delaware St.,MEAC,16-14,-12.48,101.7,265,114.2,316,70.2,45,+.054,63,-8.51,351,102.7,324,111.2,360,-1.17,212
307,Loyola MD,PL,12-19,-12.51,100.4,289,112.9,305,66.6,216,-.030,265,-8.31,347,101.9,334,110.2,335,-5.31,320
308,Fairleigh Dickinson,NEC,13-20,-12.54,98.3,319,110.9,260,69.2,72,-.073,337,-7.96,341,102.0,332,110.0,324,+2.58,101
309,309,Denver,Sum,11-21,-12.63,98.7,317,111.3,268,66.4,224,+.005,163,-1.73,181,108.3,107,110.0,327,-0.57,196
310,Saint Francis,NEC,16-18,-12.74,99.7,300,112.4,290,66.9,204,+.060,52,-6.86,316,101.6,343,108.5,229,+8.06,32
311,Air Force,MWC,4-28,-12.79,98.8,312,111.6,274,64.4,325,-.085,348,+4.82,92,109.2,91,104.4,94,-4.03,291
312,312,Howard,MEAC,12-20,-13.17,103.7,228,116.9,346,70.0,52,-.000,178,-6.66,312,103.3,303,109.9,322,+2.04,115
313,313,Louisiana,SB,12-21,-13.18,97.9,326,111.1,263,66.2,236,+.085,26,-2.16,200,105.0,261,107.1,163,+1.58,126
314,314,Rider,MAAC,14-19,-13.21,101.7,264,115.0,325,64.8,310,+.074,35,-6.39,308,102.8,320,109.2,271,+0.15,165
315,IU Indy,Horz,10-22,-13.27,109.6,121,122.8,363,64.8,307,-.073,338,-3.51,256,104.6,272,108.1,215,-2.96,262
316,Eastern Illinois,OVC,12-19,-13.32,93.6,357,106.9,177,66.2,239,+.003,171,-5.67,300,103.0,312,108.6,235,+11.35,14
317,Florida A&M,SWAC,14-17,-13.70,101.6,270,115.3,330,67.2,189,+.063,46,-6.18,305,101.6,341,107.8,196,+19.71,1
318,Grambling St.,SWAC,12-22,-13.93,95.2,345,109.1,225,63.8,341,-.074,339,-8.17,345,101.4,351,109.5,299,+10.58,17
319,319,Binghamton,AE,15-17,-13.94,98.8,313,112.7,303,65.7,270,+.056,58,-7.60,336,102.7,322,110.3,341,-5.56,325
320,320,Niagara,MAAC,11-20,-14.02,101.2,274,115.2,329,65.1,296,-.022,247,-7.97,343,101.2,352,109.2,273,-5.22,315
321,Holy Cross,PL,13-19,-14.08,101.7,263,115.8,335,66.0,250,+.038,82,-6.47,309,102.6,325,109.0,261,-0.59,198
322,322,Stonehill,NEC,15-17,-14.25,100.8,282,115.1,327,65.0,300,+.031,98,-9.70,359,100.4,362,110.1,331,-3.00,264
323,North Carolina,Central,MEAC,14-19,-14.29,102.8,242,117.1,348,66.8,210,+.015,140,-6.84,315,103.5,299,110.3,342,-0.32,186
324,Alcorn St.,SWAC,11-21,-14.59,97.6,331,112.2,281,64.7,315,-.010,209,-4.84,290,103.3,302,108.2,216,+13.37,6
325,325,Army,PL,16-15,-14.67,99.7,298,114.4,319,67.6,157,+.132,5,-7.93,340,102.9,315,110.9,357,-5.01,311
326,326,Lindenwood,OVC,16-17,-14.72,94.1,354,108.9,218,69.6,60,+.108,14,-7.51,333,102.4,328,110.0,325,+4.77,59
327,Morehead St.,OVC,15-17,-14.74,97.7,328,112.4,292,64.0,335,+.079,31,-6.92,317,101.5,346,108.4,227,+5.08,51
328,Coastal Carolina,SB,10-22,-14.78,100.6,287,115.3,331,63.2,350,-.048,299,-4.83,289,103.9,292,108.7,237,-5.96,332
329,Oral Roberts,Sum,7-23,-14.96,102.8,240,117.8,354,67.3,182,-.006,194,+0.17,145,108.7,96,108.5,231,+7.35,34
330,East Texas,A&M,Slnd,5-26,-15.02,96.6,339,111.6,272,67.3,177,-.027,256,-1.20,172,105.7,222,106.9,154,+4.80,58
331,Morgan St.,MEAC,14-18,-15.38,101.7,267,117.1,347,70.4,36,+.012,146,-8.83,356,102.3,329,111.1,359,-3.91,287
332,Stony Brook,CAA,8-24,-15.72,101.9,257,117.6,351,64.4,326,-.017,227,-3.19,241,104.8,266,108.0,202,-1.02,204
333,333,Fairfield,MAAC,12-20,-15.86,98.2,322,114.1,313,66.0,247,+.070,40,-6.36,307,102.5,327,108.9,246,-3.06,269
334,Green Bay,Horz,4-28,-16.04,100.7,283,116.8,344,68.9,85,-.050,307,-1.23,174,106.5,171,107.8,195,+3.63,81
335,North Carolina,A&T,CAA,7-25,-16.37,97.0,334,113.4,308,69.1,78,+.000,176,-3.04,236,105.0,259,108.0,205,-1.28,217
336,Southern Indiana,OVC,10-20,-16.49,98.3,321,114.8,322,67.0,199,-.027,258,-7.83,339,101.8,339,109.6,304,-2.31,242
337,Detroit Mercy,Horz,8-24,-16.94,95.2,347,112.1,280,67.0,197,+.028,106,-2.04,192,106.8,156,108.9,248,+1.29,135
338,Western Carolina,SC,8-22,-17.16,95.2,346,112.4,289,70.4,39,+.011,150,-0.02,151,107.5,130,107.5,176,+7.28,36
339,339,Buffalo,MAC,9-22,-17.33,96.4,340,113.8,311,70.7,29,+.028,104,-2.93,231,106.0,203,108.9,251,+0.52,151
340,USC Upstate,BSth,6-26,-17.48,98.4,318,115.9,338,72.7,5,-.021,241,-0.76,162,107.3,136,108.1,210,+2.60,99
341,341,Bellarmine,ASun,5-26,-17.68,103.8,225,121.5,360,66.2,237,-.109,359,-3.83,268,105.3,244,109.1,266,-1.23,215
342,342,Mercyhurst,NEC,15-16,-17.84,98.8,314,116.6,342,64.7,314,+.099,18,-9.26,358,100.6,361,109.9,318,-1.57,225
343,Northern Illinois,MAC,6-25,-17.86,94.5,353,112.3,287,68.9,88,-.091,352,-3.23,242,105.8,215,109.0,260,-0.58,197
344,Sacramento St.,BSky,7-25,-18.06,95.3,344,113.3,307,65.5,278,-.020,239,-3.72,261,105.6,228,109.3,281,-1.11,207
345,Louisiana Monroe,SB,7-25,-18.10,96.2,341,114.3,318,67.7,149,-.028,260,-3.40,250,104.6,274,108.0,203,-3.67,282
346,346,Wagner,NEC,14-16,-18.11,92.2,360,110.3,249,60.3,363,+.061,50,-10.37,362,99.9,364,110.3,338,-2.03,234
347,Western Illinois,OVC,12-19,-18.17,99.1,309,117.2,349,64.3,328,+.037,84,-7.99,344,101.4,350,109.4,288,-2.51,248
348,Central Arkansas,ASun,9-24,-18.22,97.7,330,115.9,337,66.4,228,+.036,87,-2.62,223,106.4,180,109.0,263,+2.20,109
349,New Orleans,Slnd,4-27,-18.27,99.4,302,117.7,352,69.2,71,-.016,224,+1.01,128,106.8,160,105.8,124,+10.71,16
350,West Georgia,ASun,6-25,-18.34,96.8,336,115.2,328,68.0,133,+.012,144,-2.35,205,106.6,166,109.0,256,+2.04,116
351,Cal St.,Fullerton,BW,6-26,-18.72,93.7,356,112.4,291,68.1,128,-.020,240,+1.81,114,107.4,131,105.6,120,+4.75,60
352,352,Stetson,ASun,8-24,-19.31,99.4,301,118.7,358,67.6,153,-.015,221,-4.38,280,105.8,214,110.2,333,+0.20,163
353,353,NJIT,AE,6-25,-20.37,93.2,358,113.6,310,66.5,219,-.054,315,-6.60,311,103.0,309,109.6,305,-4.07,292
354,Le Moyne,NEC,9-23,-20.72,101.2,276,121.9,361,68.6,107,+.004,165,-7.35,327,101.6,342,109.0,255,+0.24,161
355,New Hampshire,AE,8-24,-21.65,93.8,355,115.4,332,67.4,175,+.019,130,-6.08,302,103.7,296,109.8,313,-3.45,278
356,The Citadel,SC,5-25,-21.85,94.9,351,116.8,343,64.6,317,-.134,363,-3.34,247,105.6,225,109.0,254,-7.49,345
357,Prairie View,A&M,SWAC,5-27,-22.13,95.6,343,117.7,353,70.2,48,-.062,324,-5.46,298,103.0,313,108.4,226,+11.05,15
358,Maryland Eastern,Shore,MEAC,6-25,-22.61,95.8,342,118.4,357,65.6,274,-.113,360,-3.02,233,105.4,241,108.4,222,+9.87,20
359,359,Canisius,MAAC,3-28,-22.91,99.1,308,122.0,362,66.2,240,-.078,345,-4.78,287,102.9,317,107.7,191,+3.75,77
360,Alabama A&M,SWAC,10-22,-23.51,92.1,361,115.6,334,71.0,22,-.022,246,-9.72,360,101.1,355,110.8,356,+1.80,120
361,Coppin St.,MEAC,6-24,-24.29,87.4,363,111.7,276,67.7,147,+.033,93,-4.31,279,105.3,245,109.6,301,+4.32,64
362,Chicago St.,NEC,4-28,-24.37,91.8,362,116.2,341,68.3,118,-.024,251,-3.29,245,104.3,286,107.6,186,+8.46,29
363,Arkansas Pine,Bluff,SWAC,6-25,-26.08,95.1,349,121.2,359,71.4,17,-.074,342,-8.63,354,101.0,356,109.6,302,+7.04,41
364,Mississippi Valley,St.,SWAC,3-28,-42.22,82.6,364,124.8,364,64.8,311,-.016,222,-3.51,258,103.9,294,107.4,172,+18.48,2
